"Time (s)","X (m/s^2)","Y (m/s^2)","Z (m/s^2)"
2.944958338E-3,-2.329156494E-1,-6.176156616E-1,9.661059723E0
1.295895834E-2,-2.333647156E-1,-6.120771790E-1,9.618548126E0
2.297295834E-2,-2.038760376E-1,-6.010002136E-1,9.606123962E0
3.298695834E-2,-1.983375549E-1,-5.932164001E-1,9.595795441E0
4.300095834E-2,-1.865121460E-1,-6.033952332E-1,9.602980499E0
5.301495834E-2,-1.917512512E-1,-6.010002136E-1,9.638307037E0
6.302995834E-2,-2.010319519E-1,-6.032455444E-1,9.654772797E0
7.304395834E-2,-2.122586060E-1,-6.123765564E-1,9.634415131E0
8.305795834E-2,-2.044747925E-1,-6.053411865E-1,9.632768555E0
9.307195834E-2,-1.938468933E-1,-6.002517700E-1,9.618997192E0
1.030859583E-1,-1.924996948E-1,-5.957611084E-1,9.599986725E0
1.130999583E-1,-1.904040527E-1,-5.903723145E-1,9.608219604E0
1.231139583E-1,-1.951940918E-1,-5.950126648E-1,9.627828827E0
1.331279583E-1,-2.014810181E-1,-6.078858948E-1,9.634415131E0
1.431419583E-1,-2.152523804E-1,-6.224057007E-1,9.660460968E0
1.531559583E-1,-2.239343262E-1,-6.093827820E-1,9.673334198E0
1.631699583E-1,-2.121089172E-1,-6.075865173E-1,9.651180267E0
1.731839583E-1,-2.130070496E-1,-6.173162842E-1,9.639055481E0
1.831979583E-1,-1.963916016E-1,-6.047424316E-1,9.626481628E0
1.932119583E-1,-1.811233521E-1,-6.059399414E-1,9.603429565E0
2.032262083E-1,-1.942959595E-1,-5.969586182E-1,9.593999176E0
2.132402083E-1,-2.010319519E-1,-6.021977234E-1,9.617200928E0
2.232542083E-1,-2.074685669E-1,-6.075865173E-1,9.635013885E0
2.332682083E-1,-2.210902405E-1,-6.036946106E-1,9.648186493E0
2.432832083E-1,-2.121089172E-1,-6.192622375E-1,9.668544159E0
2.532972083E-1,-2.101629639E-1,-6.125262451E-1,9.654473419E0
2.633112083E-1,-2.131567383E-1,-6.228547668E-1,9.646390228E0
2.733252083E-1,-1.999841309E-1,-6.080355835E-1,9.619446259E0
2.833392083E-1,-1.929487610E-1,-5.894741821E-1,9.599986725E0
2.933532083E-1,-1.890568542E-1,-5.881269836E-1,9.593699799E0
3.033672083E-1,-1.913021851E-1,-5.969586182E-1,9.612859955E0
3.133812083E-1,-2.050735474E-1,-6.062393188E-1,9.630822601E0
3.233952083E-1,-2.080673218E-1,-6.143225098E-1,9.640552368E0
3.334092083E-1,-2.091151428E-1,-6.213578796E-1,9.654174042E0
3.434232083E-1,-2.143542480E-1,-6.200106812E-1,9.659113770E0
3.534372083E-1,-2.233355713E-1,-6.170169067E-1,9.651779022E0
3.634512083E-1,-2.137554932E-1,-6.057902527E-1,9.628128204E0
3.734652083E-1,-2.092648315E-1,-5.983058167E-1,9.609417114E0
3.834792083E-1,-2.002835083E-1,-6.030958557E-1,9.589658203E0
3.934932083E-1,-1.905537415E-1,-5.968089294E-1,9.603130188E0
4.035072083E-1,-1.957928467E-1,-6.042933655E-1,9.625433807E0
4.135212083E-1,-1.996847534E-1,-6.029461670E-1,9.637857971E0
4.235362083E-1,-2.019300842E-1,-6.096821594E-1,9.656269684E0
4.335502083E-1,-2.032772827E-1,-6.132746887E-1,9.663155365E0
4.435642083E-1,-2.103126526E-1,-6.065386963E-1,9.649084625E0
4.535782083E-1,-2.157014465E-1,-5.905220032E-1,9.620344391E0
4.635922083E-1,-1.933978271E-1,-5.881269836E-1,9.587562561E0
4.736062083E-1,-1.941462708E-1,-5.870791626E-1,9.580676880E0
4.836202083E-1,-1.823208618E-1,-5.788462830E-1,9.572144623E0
4.936342083E-1,-1.808239746E-1,-5.908213806E-1,9.611662445E0
5.036482083E-1,-1.965412903E-1,-6.095324707E-1,9.641899567E0
5.136622083E-1,-2.023791504E-1,-6.084846497E-1,9.670639801E0
5.236762083E-1,-2.110610962E-1,-6.134243774E-1,9.710007935E0
5.336902083E-1,-2.127076721E-1,-6.325845337E-1,9.710906067E0
5.437042083E-1,-2.154020691E-1,-6.313870239E-1,9.668244781E0
5.537182083E-1,-2.079176331E-1,-6.138734436E-1,9.618248749E0
5.637322083E-1,-2.106120300E-1,-5.990542603E-1,9.584119720E0
5.737462083E-1,-2.004331970E-1,-5.890251160E-1,9.560768280E0
5.837602083E-1,-1.859133911E-1,-5.899232483E-1,9.563013611E0
5.937742083E-1,-1.990859985E-1,-6.007008362E-1,9.617649994E0
6.037882083E-1,-2.044747925E-1,-6.177653503E-1,9.654623108E0
6.138032083E-1,-2.174977112E-1,-6.319857788E-1,9.684860229E0
6.238172083E-1,-2.151026917E-1,-6.307882690E-1,9.703571320E0
6.338312083E-1,-2.167492676E-1,-6.258485413E-1,9.678423615E0
6.438452083E-1,-2.134561157E-1,-6.171665955E-1,9.636361084E0
6.538592083E-1,-2.044747925E-1,-5.990542603E-1,9.608369293E0
6.638732083E-1,-2.040257263E-1,-5.921685791E-1,9.571396179E0
6.738872083E-1,-2.019300842E-1,-5.938151550E-1,9.574090576E0
6.839012083E-1,-2.028282166E-1,-6.042933655E-1,9.610764313E0
6.939152083E-1,-2.116598511E-1,-6.147715759E-1,9.644294586E0
7.039292083E-1,-2.201921082E-1,-6.285429382E-1,9.664502563E0
7.139432083E-1,-2.230361938E-1,-6.315367126E-1,9.691446533E0
7.239572083E-1,-2.302212524E-1,-6.340814209E-1,9.662107544E0
7.339712083E-1,-2.374063110E-1,-6.265969849E-1,9.633666687E0
7.439852083E-1,-2.183958435E-1,-6.113287354E-1,9.620344391E0
7.539992083E-1,-2.106120300E-1,-6.069877625E-1,9.591903534E0
7.640132084E-1,-2.040257263E-1,-5.879772949E-1,9.580826569E0
7.740272084E-1,-1.996847534E-1,-6.024971008E-1,9.608518982E0
7.840412084E-1,-1.992356873E-1,-6.090834045E-1,9.645492096E0
7.940562083E-1,-2.065704346E-1,-6.117778015E-1,9.643845520E0
8.040702083E-1,-2.086660767E-1,-6.294410706E-1,9.659413147E0
8.140842083E-1,-2.121089172E-1,-6.234535217E-1,9.663754120E0
8.240982083E-1,-2.137554932E-1,-6.168672180E-1,9.627828827E0
8.341122083E-1,-1.966909790E-1,-6.005511475E-1,9.614207153E0
8.441262083E-1,-1.922003174E-1,-5.932164001E-1,9.609417114E0
8.541402083E-1,-1.893562317E-1,-5.885760498E-1,9.596992950E0
8.641542083E-1,-1.865121460E-1,-5.896238708E-1,9.603429565E0
8.741682083E-1,-1.968406677E-1,-6.111790466E-1,9.634564819E0
8.841822083E-1,-2.100132751E-1,-6.231541443E-1,9.646839294E0
8.941962083E-1,-2.149530029E-1,-6.227050781E-1,9.653425598E0
9.042102083E-1,-2.118095398E-1,-6.173162842E-1,9.659113770E0
9.142242083E-1,-2.091151428E-1,-6.135740662E-1,9.634564819E0
9.242382084E-1,-2.118095398E-1,-6.144721985E-1,9.624086609E0
9.342522084E-1,-2.002835083E-1,-5.998027039E-1,9.613159332E0
9.442662084E-1,-2.094145203E-1,-5.987548828E-1,9.620344391E0
9.542802084E-1,-2.143542480E-1,-6.045927429E-1,9.632918243E0
9.642942084E-1,-2.037263489E-1,-6.084846497E-1,9.630672913E0
9.743082084E-1,-2.100132751E-1,-6.074368286E-1,9.641899567E0
9.843232083E-1,-2.104623413E-1,-6.108796692E-1,9.637857971E0
9.943372083E-1,-2.104623413E-1,-6.086343384E-1,9.642947388E0
1.004351208E0,-2.019300842E-1,-6.116281128E-1,9.641151123E0
1.014365208E0,-2.125579834E-1,-6.122268677E-1,9.624086609E0
1.024379208E0,-2.076182556E-1,-6.065386963E-1,9.613159332E0
1.034393208E0,-2.073188782E-1,-6.059399414E-1,9.622589722E0
1.044407208E0,-2.092648315E-1,-6.075865173E-1,9.630972290E0
1.054421208E0,-2.116598511E-1,-6.047424316E-1,9.634265442E0
1.064435208E0,-2.025288391E-1,-6.075865173E-1,9.644444275E0
1.074449208E0,-2.109114075E-1,-6.167175293E-1,9.644893341E0
1.084463208E0,-2.130070496E-1,-6.207591248E-1,9.641749878E0
1.094477208E0,-2.131567383E-1,-6.168672180E-1,9.641151123E0
1.104491208E0,-2.103126526E-1,-6.120771790E-1,9.617051239E0
1.114505208E0,-2.050735474E-1,-6.065386963E-1,9.621990967E0
1.124519208E0,-2.034269714E-1,-6.066883850E-1,9.614955597E0
1.134533208E0,-2.077679443E-1,-6.107299805E-1,9.616003418E0
1.144547208E0,-2.074685669E-1,-6.120771790E-1,9.623487854E0
1.154561208E0,-2.058219910E-1,-6.001020813E-1,9.643246765E0
1.164575208E0,-2.116598511E-1,-6.089337158E-1,9.640402679E0
1.174589208E0,-2.073188782E-1,-6.048921204E-1,9.628277893E0
1.184603208E0,-2.004331970E-1,-6.021977234E-1,9.633067932E0
1.194618208E0,-1.980381775E-1,-6.111790466E-1,9.632469177E0
1.204631958E0,-2.113604736E-1,-6.099815369E-1,9.613159332E0
1.214645958E0,-2.058219910E-1,-6.051914978E-1,9.622290344E0
1.224659958E0,-2.016307068E-1,-6.125262451E-1,9.624685364E0
1.234673958E0,-2.028282166E-1,-6.090834045E-1,9.627080383E0
1.244687958E0,-2.065704346E-1,-6.107299805E-1,9.627679138E0
1.254701958E0,-2.083666992E-1,-6.117778015E-1,9.639803925E0
1.264715958E0,-2.163002014E-1,-6.188131714E-1,9.635612640E0
1.274729958E0,-2.151026917E-1,-6.143225098E-1,9.640552368E0
1.284743958E0,-2.079176331E-1,-6.152206421E-1,9.627080383E0
1.294757958E0,-2.046244812E-1,-6.072871399E-1,9.627230072E0
1.304771958E0,-1.962419128E-1,-6.069877625E-1,9.627230072E0
1.314785958E0,-2.007325745E-1,-6.066883850E-1,9.625134430E0
1.324799958E0,-2.124082947E-1,-6.156697083E-1,9.624385986E0
1.334813958E0,-2.017803955E-1,-6.185137939E-1,9.622589722E0
1.344827958E0,-2.047741699E-1,-6.104306030E-1,9.630074158E0
1.354841958E0,-2.148033142E-1,-6.162684631E-1,9.636061707E0
1.364855958E0,-2.177970886E-1,-6.215075684E-1,9.627679138E0
1.374869958E0,-2.073188782E-1,-6.110293579E-1,9.632918243E0
1.384884958E0,-1.950444031E-1,-6.062393188E-1,9.642797699E0
1.394898958E0,-2.104623413E-1,-6.177653503E-1,9.630373535E0
1.404912958E0,-2.062710571E-1,-6.129753113E-1,9.633816376E0
1.414926958E0,-2.034269714E-1,-6.120771790E-1,9.625284119E0
1.424940958E0,-2.171983337E-1,-6.113287354E-1,9.629176025E0
1.434954958E0,-2.004331970E-1,-6.045927429E-1,9.622889099E0
1.444968958E0,-2.055226135E-1,-6.074368286E-1,9.621392212E0
1.454982958E0,-1.975891113E-1,-6.146218872E-1,9.629625092E0
1.464996958E0,-2.020797729E-1,-6.060896301E-1,9.634265442E0
1.475010958E0,-2.110610962E-1,-6.191125488E-1,9.634115753E0
1.485024958E0,-2.121089172E-1,-6.131250000E-1,9.634714508E0
1.495038958E0,-2.155517578E-1,-6.218069458E-1,9.628876648E0
1.505052958E0,-2.115101624E-1,-6.134243774E-1,9.633367310E0
1.515066958E0,-2.151026917E-1,-6.098318481E-1,9.635013885E0
1.525080958E0,-2.125579834E-1,-6.227050781E-1,9.619296570E0
1.535094958E0,-2.064207458E-1,-6.153703308E-1,9.630074158E0
1.545108958E0,-2.085163879E-1,-6.191125488E-1,9.632169800E0
1.555122958E0,-2.143542480E-1,-6.170169067E-1,9.627828827E0
1.565136958E0,-2.149530029E-1,-6.077362061E-1,9.632169800E0
1.575150958E0,-2.055226135E-1,-6.149212646E-1,9.631571045E0
1.585164958E0,-2.101629639E-1,-6.144721985E-1,9.629625092E0
1.595178958E0,-2.052232361E-1,-6.063890076E-1,9.625134430E0
1.605193958E0,-2.089654541E-1,-6.143225098E-1,9.626930695E0
1.615207958E0,-2.100132751E-1,-6.249504089E-1,9.642498322E0
1.625221958E0,-2.121089172E-1,-6.132746887E-1,9.631121979E0
1.635235958E0,-2.041754150E-1,-6.108796692E-1,9.637109528E0
1.645249958E0,-1.950444031E-1,-6.036946106E-1,9.642648010E0
1.655263958E0,-2.008822632E-1,-6.137237549E-1,9.617350616E0
1.665277958E0,-2.020797729E-1,-6.212081909E-1,9.625882874E0
1.675291958E0,-2.124082947E-1,-6.086343384E-1,9.621392212E0
1.685305958E0,-2.140548706E-1,-6.125262451E-1,9.611961823E0
1.695319958E0,-2.094145203E-1,-6.170169067E-1,9.620045013E0
1.705333958E0,-2.034269714E-1,-6.195616150E-1,9.634564819E0
1.715347958E0,-2.070195007E-1,-6.170169067E-1,9.632469177E0
1.725361958E0,-2.053729248E-1,-6.134243774E-1,9.622589722E0
1.735375958E0,-1.923500061E-1,-6.146218872E-1,9.645342407E0
1.745389958E0,-2.092648315E-1,-6.135740662E-1,9.629026337E0
1.755403958E0,-2.158511353E-1,-6.060896301E-1,9.623338165E0
1.765417958E0,-2.157014465E-1,-6.036946106E-1,9.629625092E0
1.775431958E0,-2.110610962E-1,-6.147715759E-1,9.616003418E0
1.785445958E0,-2.116598511E-1,-6.188131714E-1,9.634564819E0
1.795459958E0,-1.978884888E-1,-6.125262451E-1,9.632020111E0
1.805473958E0,-2.106120300E-1,-6.170169067E-1,9.628726959E0
1.815487958E0,-2.100132751E-1,-6.098318481E-1,9.622440033E0
1.825502958E0,-2.098635864E-1,-6.120771790E-1,9.629325714E0
1.835516958E0,-2.218386841E-1,-6.261479187E-1,9.631421356E0
1.845530958E0,-2.143542480E-1,-6.234535217E-1,9.633816376E0
1.855544958E0,-2.061213684E-1,-6.186634827E-1,9.627828827E0
1.865558958E0,-2.082170105E-1,-6.071374512E-1,9.630972290E0
1.875572958E0,-2.007325745E-1,-6.087840271E-1,9.633217621E0
1.885586958E0,-2.044747925E-1,-6.086343384E-1,9.628726959E0
1.895600958E0,-1.965412903E-1,-6.104306030E-1,9.624984741E0
1.905614958E0,-2.085163879E-1,-6.099815369E-1,9.625284119E0
1.915628958E0,-2.189945984E-1,-6.237528992E-1,9.629325714E0
1.925642958E0,-2.155517578E-1,-6.164181519E-1,9.635612640E0
1.935656958E0,-2.038760376E-1,-6.128256226E-1,9.645043030E0
1.945670958E0,-2.097138977E-1,-6.179150391E-1,9.637558594E0
1.955684958E0,-2.097138977E-1,-6.114784241E-1,9.629924469E0
1.965698958E0,-1.983375549E-1,-5.980064392E-1,9.629026337E0
1.975712958E0,-2.007325745E-1,-6.004014587E-1,9.622889099E0
1.985726958E0,-2.019300842E-1,-6.056405640E-1,9.621841278E0
1.995740958E0,-2.028282166E-1,-6.146218872E-1,9.622290344E0
2.005754958E0,-2.128573608E-1,-6.179150391E-1,9.623188477E0
2.015768958E0,-2.167492676E-1,-6.206094360E-1,9.633666687E0
2.025782958E0,-2.089654541E-1,-6.191125488E-1,9.644144897E0
2.035796958E0,-2.148033142E-1,-6.161187744E-1,9.639654236E0
2.045810958E0,-2.168989563E-1,-6.129753113E-1,9.638756104E0
2.055825958E0,-2.055226135E-1,-6.180647278E-1,9.626631317E0
2.065839958E0,-2.107617188E-1,-6.137237549E-1,9.624984741E0
2.075853958E0,-2.133064270E-1,-6.185137939E-1,9.626032562E0
2.085867958E0,-2.171983337E-1,-6.125262451E-1,9.618248749E0
2.095881958E0,-2.149530029E-1,-6.213578796E-1,9.627379761E0
2.105895958E0,-2.173480225E-1,-6.245013428E-1,9.638905792E0
2.115909958E0,-2.236349487E-1,-6.251000977E-1,9.635912018E0
2.125923958E0,-2.213896179E-1,-6.249504089E-1,9.633067932E0
2.135937958E0,-2.260299683E-1,-6.215075684E-1,9.652826843E0
2.145951958E0,-2.240840149E-1,-6.219566345E-1,9.650581512E0
2.155965958E0,-2.158511353E-1,-6.141728210E-1,9.641450500E0
2.165979958E0,-2.050735474E-1,-6.047424316E-1,9.622140656E0
2.175993958E0,-2.091151428E-1,-6.137237549E-1,9.619595947E0
2.186007958E0,-2.016307068E-1,-6.062393188E-1,9.626930695E0
2.196021958E0,-2.074685669E-1,-6.093827820E-1,9.625733185E0
2.206036458E0,-2.098635864E-1,-6.119274902E-1,9.636510773E0
2.216050458E0,-2.029779053E-1,-6.039939880E-1,9.637408905E0
2.226064458E0,-1.980381775E-1,-6.137237549E-1,9.629176025E0
2.236078458E0,-2.037263489E-1,-6.092330933E-1,9.623637543E0
2.246092458E0,-1.986369324E-1,-6.059399414E-1,9.616302795E0
2.256106458E0,-2.028282166E-1,-6.045927429E-1,9.636810150E0
2.266120458E0,-1.998344421E-1,-6.105802917E-1,9.620643768E0
2.276134458E0,-2.043251038E-1,-6.036946106E-1,9.616153107E0
2.286148458E0,-2.082170105E-1,-6.084846497E-1,9.624535675E0
2.296163458E0,-2.173480225E-1,-6.212081909E-1,9.636361084E0
2.306177458E0,-2.152523804E-1,-6.185137939E-1,9.641749878E0
2.316191458E0,-2.170486450E-1,-6.192622375E-1,9.642797699E0
2.326205458E0,-2.207908630E-1,-6.258485413E-1,9.638157349E0
2.336219458E0,-2.127076721E-1,-6.258485413E-1,9.637408905E0
2.346233458E0,-2.130070496E-1,-6.102809143E-1,9.635612640E0
2.356247458E0,-1.999841309E-1,-6.090834045E-1,9.623188477E0
2.366261458E0,-1.990859985E-1,-6.044430542E-1,9.627080383E0
2.376275458E0,-1.992356873E-1,-6.017486572E-1,9.621242523E0
2.386289458E0,-2.005828857E-1,-6.038442993E-1,9.627828827E0
2.396303458E0,-2.082170105E-1,-6.087840271E-1,9.640552368E0
2.406317458E0,-2.113604736E-1,-6.165678406E-1,9.636660461E0
2.416331458E0,-2.053729248E-1,-6.177653503E-1,9.638157349E0
2.426345458E0,-2.088157654E-1,-6.212081909E-1,9.647438049E0
2.436359458E0,-2.026785278E-1,-6.117778015E-1,9.633666687E0
2.446373458E0,-1.992356873E-1,-6.057902527E-1,9.634864197E0
2.456387458E0,-1.975891113E-1,-6.026467896E-1,9.622739410E0
2.466401458E0,-1.957928467E-1,-6.111790466E-1,9.617051239E0
2.476415458E0,-2.031275940E-1,-6.002517700E-1,9.621841278E0
2.486429458E0,-2.098635864E-1,-6.150709534E-1,9.634714508E0
2.496443458E0,-2.165995789E-1,-6.209088135E-1,9.637558594E0
2.506457458E0,-2.116598511E-1,-6.159690857E-1,9.631571045E0
2.516471458E0,-2.037263489E-1,-6.066883850E-1,9.638157349E0
2.526485458E0,-2.077679443E-1,-6.204597473E-1,9.648336182E0
2.536500458E0,-2.025288391E-1,-6.150709534E-1,9.632618866E0
2.546514458E0,-1.984872437E-1,-6.033952332E-1,9.629176025E0
2.556528458E0,-2.023791504E-1,-5.977070618E-1,9.636061707E0
2.566542458E0,-1.974394226E-1,-6.086343384E-1,9.622589722E0
2.576556458E0,-2.035766602E-1,-6.134243774E-1,9.629625092E0
2.586570458E0,-2.168989563E-1,-6.140231323E-1,9.633816376E0
2.596584458E0,-2.179467773E-1,-6.168672180E-1,9.638606415E0
2.606598458E0,-2.148033142E-1,-6.192622375E-1,9.640103302E0
2.616612458E0,-2.077679443E-1,-6.128256226E-1,9.637558594E0
2.626626458E0,-2.100132751E-1,-6.135740662E-1,9.634415131E0
2.636640458E0,-2.164498901E-1,-6.126759338E-1,9.632169800E0
2.646654458E0,-2.161505127E-1,-6.135740662E-1,9.635762329E0
2.656668458E0,-2.119592285E-1,-6.102809143E-1,9.625882874E0
2.666682458E0,-2.127076721E-1,-6.134243774E-1,9.629924469E0
2.676696458E0,-2.047741699E-1,-6.167175293E-1,9.637259216E0
2.686710458E0,-2.053729248E-1,-6.194119263E-1,9.637408905E0
2.696724458E0,-2.053729248E-1,-6.165678406E-1,9.645342407E0
2.706738458E0,-2.034269714E-1,-6.116281128E-1,9.628876648E0
2.716752458E0,-2.044747925E-1,-6.120771790E-1,9.617649994E0
2.726766458E0,-2.034269714E-1,-6.128256226E-1,9.626481628E0
2.736780458E0,-1.981878662E-1,-6.123765564E-1,9.634864197E0
2.746794458E0,-2.121089172E-1,-6.092330933E-1,9.619745636E0
2.756808458E0,-2.113604736E-1,-6.174659729E-1,9.628277893E0
2.766822458E0,-2.112107849E-1,-6.144721985E-1,9.633816376E0
2.776836458E0,-2.073188782E-1,-6.143225098E-1,9.640402679E0
2.786851458E0,-2.097138977E-1,-6.191125488E-1,9.640552368E0
2.796865458E0,-2.037263489E-1,-6.135740662E-1,9.630822601E0
2.806879458E0,-2.065704346E-1,-6.153703308E-1,9.633966064E0
2.816893458E0,-2.101629639E-1,-6.065386963E-1,9.623338165E0
2.826907458E0,-2.070195007E-1,-6.066883850E-1,9.630223846E0
2.836921458E0,-2.128573608E-1,-6.033952332E-1,9.624835052E0
2.846935458E0,-2.125579834E-1,-6.164181519E-1,9.627679138E0
2.856949458E0,-2.074685669E-1,-6.090834045E-1,9.641749878E0
2.866963458E0,-2.186952209E-1,-6.108796692E-1,9.634415131E0
2.876977458E0,-2.128573608E-1,-6.180647278E-1,9.633666687E0
2.886991458E0,-2.058219910E-1,-6.143225098E-1,9.637408905E0
2.897005458E0,-2.131567383E-1,-6.137237549E-1,9.632768555E0
2.907019458E0,-2.124082947E-1,-6.171665955E-1,9.631421356E0
2.917033458E0,-2.028282166E-1,-6.051914978E-1,9.632768555E0
2.927047458E0,-2.013313293E-1,-6.093827820E-1,9.626331940E0
2.937061458E0,-2.041754150E-1,-6.063890076E-1,9.618697815E0
2.947075458E0,-2.204914856E-1,-6.152206421E-1,9.632319489E0
2.957089458E0,-2.145039368E-1,-6.107299805E-1,9.640702057E0
2.967103458E0,-2.163002014E-1,-6.165678406E-1,9.636510773E0
2.977117458E0,-2.198927307E-1,-6.280938721E-1,9.633067932E0
2.987131458E0,-2.151026917E-1,-6.179150391E-1,9.640851746E0
2.997145458E0,-2.124082947E-1,-6.123765564E-1,9.635313263E0
3.007159458E0,-2.016307068E-1,-6.099815369E-1,9.627230072E0
3.017173458E0,-2.053729248E-1,-6.084846497E-1,9.628277893E0
3.027187458E0,-2.029779053E-1,-6.125262451E-1,9.621392212E0
3.037201458E0,-2.014810181E-1,-6.074368286E-1,9.623487854E0
3.047215458E0,-2.112107849E-1,-6.099815369E-1,9.633666687E0
3.057230458E0,-2.086660767E-1,-6.198609924E-1,9.639055481E0
3.067244458E0,-2.186952209E-1,-6.186634827E-1,9.632768555E0
3.077258458E0,-2.052232361E-1,-6.242019653E-1,9.652527466E0
3.087272458E0,-2.082170105E-1,-6.243516541E-1,9.642648010E0
3.097286458E0,-2.089654541E-1,-6.105802917E-1,9.635762329E0
3.107300458E0,-2.004331970E-1,-6.083349609E-1,9.636211395E0
3.117314458E0,-1.966909790E-1,-6.056405640E-1,9.620943146E0
3.127328458E0,-1.929487610E-1,-6.029461670E-1,9.608968048E0
3.137342458E0,-1.987866211E-1,-6.071374512E-1,9.619595947E0
3.147356458E0,-2.037263489E-1,-6.084846497E-1,9.628128204E0
3.157370458E0,-2.073188782E-1,-6.051914978E-1,9.623487854E0
3.167384458E0,-2.037263489E-1,-6.072871399E-1,9.633217621E0
3.177398458E0,-2.118095398E-1,-6.144721985E-1,9.653126221E0
3.187412458E0,-2.094145203E-1,-6.189628601E-1,9.636810150E0
3.197426458E0,-2.192939758E-1,-6.213578796E-1,9.628128204E0
3.207440750E0,-2.186952209E-1,-6.152206421E-1,9.635163574E0
3.217454750E0,-2.197430420E-1,-6.248007202E-1,9.637109528E0
3.227468750E0,-2.210902405E-1,-6.270460510E-1,9.620643768E0
3.237482750E0,-2.185455322E-1,-6.207591248E-1,9.638905792E0
3.247496750E0,-2.155517578E-1,-6.110293579E-1,9.649084625E0
3.257510750E0,-2.142045593E-1,-6.210585022E-1,9.642049255E0
3.267524750E0,-2.082170105E-1,-6.132746887E-1,9.635013885E0
3.277538750E0,-1.998344421E-1,-6.116281128E-1,9.633816376E0
3.287552750E0,-2.121089172E-1,-6.108796692E-1,9.630223846E0
3.297566750E0,-2.074685669E-1,-6.132746887E-1,9.623487854E0
3.307580750E0,-2.026785278E-1,-5.995033264E-1,9.622290344E0
3.317594750E0,-2.125579834E-1,-6.108796692E-1,9.618847504E0
3.327608750E0,-1.942959595E-1,-6.143225098E-1,9.620045013E0
3.337622750E0,-1.917512512E-1,-6.171665955E-1,9.637558594E0
3.347636750E0,-2.037263489E-1,-6.126759338E-1,9.629774780E0
3.357651750E0,-2.089654541E-1,-6.050418091E-1,9.624984741E0
3.367665750E0,-2.019300842E-1,-6.107299805E-1,9.638307037E0
3.377679750E0,-2.068698120E-1,-6.063890076E-1,9.626481628E0
3.387693750E0,-2.056723022E-1,-6.164181519E-1,9.617649994E0
3.397707750E0,-1.998344421E-1,-6.129753113E-1,9.627379761E0
3.407721750E0,-2.192939758E-1,-6.147715759E-1,9.640702057E0
3.417735750E0,-2.206411743E-1,-6.135740662E-1,9.631720734E0
3.427749750E0,-2.050735474E-1,-6.113287354E-1,9.643695831E0
3.437763750E0,-2.085163879E-1,-6.107299805E-1,9.632918243E0
3.447777750E0,-2.101629639E-1,-6.132746887E-1,9.633516998E0
3.457791750E0,-1.960922241E-1,-6.051914978E-1,9.631271667E0
3.467805750E0,-2.031275940E-1,-6.036946106E-1,9.621841278E0
3.477819750E0,-2.040257263E-1,-6.078858948E-1,9.612710266E0
3.487833750E0,-2.040257263E-1,-6.120771790E-1,9.621691589E0
3.497847750E0,-2.028282166E-1,-6.123765564E-1,9.634265442E0
3.507861750E0,-2.044747925E-1,-6.168672180E-1,9.630223846E0
3.517875750E0,-2.013313293E-1,-6.143225098E-1,9.627828827E0
3.527889750E0,-2.121089172E-1,-6.078858948E-1,9.634714508E0
3.537903750E0,-2.142045593E-1,-6.152206421E-1,9.626182251E0
3.547917750E0,-2.142045593E-1,-6.165678406E-1,9.631720734E0
3.557931750E0,-2.146536255E-1,-6.099815369E-1,9.625882874E0
3.567945750E0,-2.149530029E-1,-6.128256226E-1,9.618099060E0
3.577959750E0,-1.962419128E-1,-6.156697083E-1,9.633966064E0
3.587973750E0,-2.016307068E-1,-6.122268677E-1,9.627978516E0
3.597987750E0,-2.053729248E-1,-6.233038330E-1,9.631121979E0
3.608001750E0,-2.065704346E-1,-6.150709534E-1,9.642348633E0
3.618015750E0,-2.266287231E-1,-6.125262451E-1,9.633217621E0
3.628029750E0,-2.163002014E-1,-6.188131714E-1,9.640252991E0
3.638043750E0,-2.110610962E-1,-5.998027039E-1,9.634265442E0
3.648057750E0,-2.125579834E-1,-6.186634827E-1,9.631571045E0
3.658071750E0,-2.074685669E-1,-6.155200195E-1,9.621092834E0
3.668086750E0,-2.125579834E-1,-6.101312256E-1,9.643246765E0
3.678100750E0,-2.192939758E-1,-6.230044556E-1,9.627828827E0
3.688114750E0,-2.137554932E-1,-6.113287354E-1,9.620344391E0
3.698128750E0,-2.070195007E-1,-6.158193970E-1,9.631720734E0
3.708142750E0,-1.972897339E-1,-6.179150391E-1,9.641600189E0
3.718156750E0,-2.143542480E-1,-6.029461670E-1,9.636211395E0
3.728170750E0,-2.116598511E-1,-6.137237549E-1,9.633067932E0
3.738184750E0,-1.871109009E-1,-6.083349609E-1,9.629924469E0
3.748198750E0,-2.043251038E-1,-6.018983459E-1,9.620344391E0
3.758212750E0,-2.053729248E-1,-6.195616150E-1,9.630373535E0
3.768226750E0,-1.887574768E-1,-5.971083069E-1,9.647587738E0
3.778240750E0,-1.980381775E-1,-6.044430542E-1,9.622589722E0
3.788254750E0,-1.963916016E-1,-6.101312256E-1,9.618548126E0
3.798268750E0,-1.936972046E-1,-6.075865173E-1,9.634415131E0
3.808282750E0,-2.056723022E-1,-6.092330933E-1,9.628726959E0
3.818296750E0,-2.080673218E-1,-5.996530151E-1,9.617649994E0
3.828310750E0,-2.017803955E-1,-6.123765564E-1,9.627379761E0
3.838324750E0,-2.011816406E-1,-6.137237549E-1,9.617649994E0
3.848338750E0,-2.164498901E-1,-6.104306030E-1,9.618847504E0
3.858352750E0,-2.050735474E-1,-6.152206421E-1,9.639354858E0
3.868366750E0,-2.139051819E-1,-6.182144165E-1,9.645043030E0
3.878380750E0,-2.122586060E-1,-6.201603699E-1,9.631720734E0
3.888394750E0,-2.119592285E-1,-6.301895142E-1,9.642348633E0
3.898408750E0,-2.219883728E-1,-6.179150391E-1,9.642797699E0
3.908422750E0,-2.290237427E-1,-6.219566345E-1,9.622589722E0
3.918436750E0,-2.216889954E-1,-6.224057007E-1,9.634265442E0
3.928450750E0,-2.151026917E-1,-6.200106812E-1,9.638606415E0
3.938464750E0,-2.267784119E-1,-6.243516541E-1,9.627679138E0
3.948478750E0,-2.157014465E-1,-6.253994751E-1,9.649084625E0
3.958492750E0,-2.198927307E-1,-6.188131714E-1,9.637259216E0
3.968506750E0,-2.353106689E-1,-6.234535217E-1,9.634564819E0
3.978520750E0,-2.321672058E-1,-6.321354675E-1,9.645192719E0
3.988534750E0,-2.234852600E-1,-6.156697083E-1,9.651329956E0
3.998549750E0,-2.365081787E-1,-6.215075684E-1,9.629325714E0
4.008563750E0,-2.055226135E-1,-6.168672180E-1,9.636660461E0
4.018577750E0,-1.971400452E-1,-6.018983459E-1,9.631421356E0
4.028591750E0,-1.893562317E-1,-5.983058167E-1,9.614506531E0
4.038605750E0,-1.863624573E-1,-6.056405640E-1,9.624086609E0
4.048619750E0,-1.919009399E-1,-6.004014587E-1,9.636510773E0
4.058633750E0,-2.085163879E-1,-6.072871399E-1,9.611512756E0
4.068647750E0,-2.020797729E-1,-6.030958557E-1,9.629026337E0
4.078661750E0,-1.965412903E-1,-6.032455444E-1,9.646988983E0
4.088675750E0,-2.106120300E-1,-6.057902527E-1,9.634265442E0
4.098689750E0,-2.037263489E-1,-6.144721985E-1,9.643845520E0
4.108703750E0,-1.984872437E-1,-6.140231323E-1,9.644144897E0
4.118717750E0,-2.191442871E-1,-6.048921204E-1,9.623188477E0
4.128731750E0,-2.237846375E-1,-6.147715759E-1,9.634415131E0
4.138745750E0,-2.040257263E-1,-6.168672180E-1,9.644893341E0
4.148759750E0,-2.221380615E-1,-6.083349609E-1,9.624984741E0
4.158773750E0,-2.291734314E-1,-6.225553894E-1,9.623936920E0
4.168787750E0,-1.989363098E-1,-6.291416931E-1,9.652078400E0
4.178801750E0,-2.049238586E-1,-6.095324707E-1,9.643097076E0
4.188815750E0,-2.210902405E-1,-6.119274902E-1,9.632618866E0
4.198829750E0,-2.251318359E-1,-6.301895142E-1,9.652826843E0
4.208843208E0,-2.248324585E-1,-6.176156616E-1,9.636361084E0
4.218857208E0,-2.273771667E-1,-6.150709534E-1,9.621990967E0
4.228871208E0,-2.154020691E-1,-6.159690857E-1,9.631121979E0
4.238885208E0,-2.073188782E-1,-6.150709534E-1,9.644444275E0
4.248899208E0,-2.058219910E-1,-6.122268677E-1,9.627529449E0
4.258913208E0,-2.008822632E-1,-6.035449219E-1,9.636061707E0
4.268927208E0,-2.010319519E-1,-6.132746887E-1,9.642498322E0
4.278941208E0,-2.091151428E-1,-6.084846497E-1,9.632020111E0
4.288955208E0,-2.062710571E-1,-6.090834045E-1,9.619296570E0
4.298969208E0,-1.929487610E-1,-6.063890076E-1,9.636510773E0
4.308983208E0,-2.071691895E-1,-6.050418091E-1,9.631870422E0
4.318997208E0,-2.149530029E-1,-6.116281128E-1,9.611961823E0
4.329011208E0,-1.890568542E-1,-6.108796692E-1,9.640252991E0
4.339025208E0,-1.959425354E-1,-5.984555054E-1,9.639055481E0
4.349039208E0,-2.170486450E-1,-6.048921204E-1,9.620943146E0
4.359053208E0,-2.020797729E-1,-6.140231323E-1,9.644593964E0
4.369068208E0,-2.165995789E-1,-6.083349609E-1,9.649982758E0
4.379082208E0,-2.216889954E-1,-6.083349609E-1,9.619296570E0
4.389096208E0,-2.002835083E-1,-6.123765564E-1,9.635612640E0
4.399110208E0,-2.076182556E-1,-6.147715759E-1,9.643695831E0
4.409124208E0,-2.201921082E-1,-6.265969849E-1,9.619745636E0
4.419138208E0,-2.080673218E-1,-6.024971008E-1,9.639354858E0
4.429152208E0,-1.984872437E-1,-6.093827820E-1,9.639953613E0
4.439166208E0,-2.164498901E-1,-6.108796692E-1,9.625134430E0
4.449180208E0,-2.263293457E-1,-6.057902527E-1,9.629625092E0
4.459194208E0,-2.119592285E-1,-6.048921204E-1,9.649982758E0
4.469208208E0,-2.019300842E-1,-5.960604858E-1,9.622589722E0
4.479222208E0,-1.951940918E-1,-5.867797852E-1,9.613009644E0
4.489236208E0,-1.913021851E-1,-5.965095520E-1,9.634864197E0
4.499250208E0,-1.999841309E-1,-6.053411865E-1,9.634415131E0
4.509264208E0,-2.124082947E-1,-6.010002136E-1,9.619595947E0
4.519278208E0,-1.977388000E-1,-5.933660889E-1,9.637708282E0
4.529292208E0,-2.020797729E-1,-5.948629761E-1,9.632469177E0
4.539306208E0,-2.142045593E-1,-6.084846497E-1,9.620194702E0
4.549320208E0,-1.975891113E-1,-6.084846497E-1,9.641001434E0
4.559334208E0,-2.082170105E-1,-6.116281128E-1,9.646240540E0
4.569348208E0,-2.088157654E-1,-6.007008362E-1,9.637857971E0
4.579362208E0,-2.094145203E-1,-6.015989685E-1,9.640402679E0
4.589376208E0,-2.022294617E-1,-6.093827820E-1,9.641151123E0
4.599390208E0,-2.195933533E-1,-6.092330933E-1,9.633966064E0
4.609404208E0,-2.240840149E-1,-6.210585022E-1,9.629475403E0
4.619418208E0,-2.303709412E-1,-6.126759338E-1,9.651928711E0
4.629432208E0,-2.329156494E-1,-6.170169067E-1,9.639654236E0
4.639446208E0,-2.201921082E-1,-6.137237549E-1,9.646390228E0
4.649460208E0,-2.083666992E-1,-6.015989685E-1,9.659712524E0
4.659474208E0,-2.258802795E-1,-6.110293579E-1,9.640402679E0
4.669488208E0,-2.158511353E-1,-6.113287354E-1,9.619446259E0
4.679502208E0,-2.299218750E-1,-6.083349609E-1,9.624835052E0
4.689516208E0,-2.275268555E-1,-6.060896301E-1,9.620344391E0
4.699530208E0,-2.038760376E-1,-6.014492798E-1,9.620045013E0
4.709544208E0,-2.164498901E-1,-6.038442993E-1,9.615105286E0
4.719558208E0,-2.083666992E-1,-6.036946106E-1,9.627529449E0
4.729572208E0,-2.124082947E-1,-6.074368286E-1,9.624385986E0
4.739586208E0,-2.281256104E-1,-6.104306030E-1,9.627379761E0
4.749600208E0,-2.118095398E-1,-5.954617310E-1,9.641300812E0
4.759614208E0,-1.749861145E-1,-5.866300964E-1,9.632469177E0
4.769629208E0,-1.954934692E-1,-5.815406799E-1,9.608518982E0
4.779643208E0,-2.207908630E-1,-5.945635986E-1,9.618099060E0
4.789657208E0,-1.969903564E-1,-5.900729370E-1,9.639504547E0
4.799671208E0,-1.784289551E-1,-5.746549988E-1,9.615554352E0
4.809685208E0,-1.993853760E-1,-5.629792786E-1,9.593999176E0
4.819699208E0,-2.086660767E-1,-5.863307190E-1,9.643246765E0
4.829713208E0,-2.100132751E-1,-5.980064392E-1,9.638756104E0
4.839727208E0,-2.210902405E-1,-5.888754272E-1,9.604327698E0
4.849741208E0,-1.966909790E-1,-5.936654663E-1,9.637109528E0
4.859755208E0,-1.913021851E-1,-5.971083069E-1,9.639205170E0
4.869769208E0,-2.055226135E-1,-6.030958557E-1,9.610464935E0
4.879783208E0,-2.155517578E-1,-6.041436768E-1,9.613159332E0
4.889797208E0,-2.127076721E-1,-5.996530151E-1,9.633666687E0
4.899811208E0,-2.140548706E-1,-6.017486572E-1,9.618099060E0
4.909825208E0,-2.207908630E-1,-5.999523926E-1,9.628277893E0
4.919839208E0,-2.025288391E-1,-6.149212646E-1,9.664203186E0
4.929853208E0,-2.186952209E-1,-6.140231323E-1,9.642498322E0
4.939867208E0,-2.180964661E-1,-6.138734436E-1,9.635163574E0
4.949881208E0,-2.086660767E-1,-6.027964783E-1,9.656868439E0
4.959895208E0,-2.164498901E-1,-5.944139099E-1,9.632768555E0
4.969909208E0,-2.415975952E-1,-6.128256226E-1,9.611812134E0
4.979923208E0,-1.972897339E-1,-6.077362061E-1,9.646240540E0
4.989937208E0,-1.950444031E-1,-5.797444153E-1,9.635163574E0
4.999951208E0,-2.168989563E-1,-5.939648438E-1,9.602830811E0
5.009965208E0,-1.993853760E-1,-5.930667114E-1,9.646689606E0
5.019979208E0,-2.046244812E-1,-5.971083069E-1,9.644893341E0
5.029993208E0,-2.276765442E-1,-6.090834045E-1,9.608968048E0
5.040007208E0,-2.056723022E-1,-5.984555054E-1,9.634714508E0
5.050021208E0,-1.963916016E-1,-6.059399414E-1,9.650880890E0
5.060035208E0,-2.140548706E-1,-6.066883850E-1,9.617051239E0
5.070049208E0,-2.281256104E-1,-6.026467896E-1,9.629325714E0
5.080063208E0,-2.207908630E-1,-6.039939880E-1,9.653275909E0
5.090077208E0,-2.160008240E-1,-6.044430542E-1,9.613159332E0
5.100091208E0,-2.110610962E-1,-5.950126648E-1,9.628427582E0
5.110105208E0,-1.990859985E-1,-5.959107971E-1,9.655221863E0
5.120119208E0,-2.186952209E-1,-6.005511475E-1,9.639803925E0
5.130133208E0,-2.314187622E-1,-6.045927429E-1,9.624385986E0
5.140147208E0,-2.092648315E-1,-5.993536377E-1,9.637708282E0
5.150161208E0,-2.137554932E-1,-6.054908752E-1,9.635762329E0
5.160175208E0,-2.116598511E-1,-5.941145325E-1,9.627230072E0
5.170189208E0,-2.068698120E-1,-5.965095520E-1,9.645342407E0
5.180203208E0,-2.165995789E-1,-6.110293579E-1,9.632618866E0
5.190217208E0,-2.195933533E-1,-6.010002136E-1,9.625583496E0
5.200231208E0,-2.061213684E-1,-5.974076843E-1,9.631571045E0
5.210244958E0,-2.026785278E-1,-6.164181519E-1,9.637558594E0
5.220259958E0,-2.200424194E-1,-6.090834045E-1,9.631870422E0
5.230273958E0,-2.140548706E-1,-5.999523926E-1,9.635612640E0
5.240287958E0,-2.219883728E-1,-6.084846497E-1,9.630822601E0
5.250301958E0,-2.224374390E-1,-6.011499023E-1,9.631870422E0
5.260315958E0,-2.119592285E-1,-6.020480347E-1,9.622140656E0
5.270329958E0,-2.044747925E-1,-6.021977234E-1,9.630223846E0
5.280343958E0,-2.167492676E-1,-6.105802917E-1,9.638456726E0
5.290357958E0,-2.197430420E-1,-6.030958557E-1,9.623787231E0
5.300371958E0,-2.092648315E-1,-5.930667114E-1,9.629026337E0
5.310385958E0,-2.065704346E-1,-6.093827820E-1,9.639055481E0
5.320399958E0,-2.079176331E-1,-5.992039490E-1,9.632169800E0
5.330413958E0,-2.134561157E-1,-5.978567505E-1,9.633516998E0
5.340427958E0,-2.092648315E-1,-6.104306030E-1,9.642049255E0
5.350441958E0,-2.103126526E-1,-5.999523926E-1,9.631870422E0
5.360455958E0,-2.228865051E-1,-6.065386963E-1,9.619296570E0
5.370469958E0,-2.165995789E-1,-6.125262451E-1,9.633666687E0
5.380483958E0,-2.031275940E-1,-6.065386963E-1,9.640402679E0
5.390497958E0,-2.164498901E-1,-6.096821594E-1,9.631571045E0
5.400511958E0,-2.146536255E-1,-5.965095520E-1,9.633816376E0
5.410525958E0,-2.146536255E-1,-6.065386963E-1,9.635462952E0
5.420539958E0,-2.197430420E-1,-6.089337158E-1,9.633666687E0
5.430553958E0,-2.136058044E-1,-5.990542603E-1,9.626182251E0
5.440567958E0,-2.112107849E-1,-6.001020813E-1,9.629625092E0
5.450581958E0,-2.101629639E-1,-5.981561279E-1,9.630972290E0
5.460595958E0,-2.161505127E-1,-6.051914978E-1,9.620643768E0
5.470609958E0,-2.148033142E-1,-6.062393188E-1,9.639504547E0
5.480623958E0,-2.118095398E-1,-5.992039490E-1,9.634265442E0
5.490637958E0,-2.112107849E-1,-6.035449219E-1,9.622589722E0
5.500651958E0,-2.148033142E-1,-6.002517700E-1,9.630672913E0
5.510665958E0,-2.110610962E-1,-6.137237549E-1,9.634864197E0
5.520679958E0,-2.174977112E-1,-6.090834045E-1,9.630373535E0
5.530693958E0,-2.151026917E-1,-5.981561279E-1,9.634115753E0
5.540707958E0,-2.119592285E-1,-5.939648438E-1,9.635462952E0
5.550721958E0,-2.029779053E-1,-5.990542603E-1,9.624685364E0
5.560735958E0,-2.176473999E-1,-5.942642212E-1,9.626331940E0
5.570749958E0,-2.110610962E-1,-6.007008362E-1,9.629625092E0
5.580763958E0,-2.080673218E-1,-5.975573730E-1,9.637708282E0
5.590777958E0,-2.139051819E-1,-6.029461670E-1,9.619446259E0
5.600791958E0,-2.155517578E-1,-6.044430542E-1,9.641450500E0
5.610805958E0,-2.170486450E-1,-6.090834045E-1,9.625433807E0
5.620819958E0,-2.163002014E-1,-6.099815369E-1,9.620793457E0
5.630833958E0,-2.089654541E-1,-6.027964783E-1,9.636660461E0
5.640847958E0,-2.061213684E-1,-5.945635986E-1,9.637857971E0
5.650861958E0,-2.219883728E-1,-5.965095520E-1,9.633816376E0
5.660875958E0,-2.110610962E-1,-6.036946106E-1,9.626781006E0
5.670889958E0,-2.050735474E-1,-6.018983459E-1,9.634115753E0
5.680903958E0,-2.140548706E-1,-5.972579956E-1,9.631271667E0
5.690917958E0,-2.165995789E-1,-5.933660889E-1,9.627529449E0
5.700931958E0,-2.100132751E-1,-5.993536377E-1,9.638007660E0
5.710945958E0,-2.121089172E-1,-5.977070618E-1,9.624535675E0
5.720959958E0,-2.097138977E-1,-6.035449219E-1,9.625433807E0
5.730974958E0,-2.143542480E-1,-6.050418091E-1,9.621541901E0
5.740987958E0,-2.189945984E-1,-6.023474121E-1,9.617200928E0
5.751001958E0,-2.070195007E-1,-6.062393188E-1,9.632618866E0
5.761016958E0,-2.062710571E-1,-6.165678406E-1,9.633516998E0
5.771030958E0,-2.128573608E-1,-6.084846497E-1,9.637408905E0
5.781044958E0,-2.106120300E-1,-6.075865173E-1,9.642348633E0
5.791058958E0,-2.124082947E-1,-6.120771790E-1,9.632020111E0
5.801072958E0,-2.173480225E-1,-5.917195129E-1,9.621841278E0
5.811086958E0,-2.189945984E-1,-6.001020813E-1,9.630822601E0
5.821100958E0,-2.061213684E-1,-6.038442993E-1,9.638157349E0
5.831114958E0,-2.098635864E-1,-6.077362061E-1,9.629475403E0
5.841128958E0,-2.121089172E-1,-5.927673340E-1,9.630972290E0
5.851142958E0,-2.038760376E-1,-5.963598633E-1,9.633666687E0
5.861156958E0,-2.064207458E-1,-6.032455444E-1,9.626182251E0
5.871170958E0,-2.107617188E-1,-5.995033264E-1,9.623338165E0
5.881184958E0,-2.121089172E-1,-6.048921204E-1,9.621242523E0
5.891198958E0,-2.134561157E-1,-5.992039490E-1,9.630672913E0
5.901212958E0,-2.122586060E-1,-6.056405640E-1,9.618847504E0
5.911226958E0,-2.148033142E-1,-6.185137939E-1,9.632319489E0
5.921240958E0,-2.128573608E-1,-6.078858948E-1,9.639354858E0
5.931254958E0,-2.185455322E-1,-6.054908752E-1,9.627379761E0
5.941268958E0,-2.149530029E-1,-5.993536377E-1,9.627828827E0
5.951282958E0,-2.034269714E-1,-6.075865173E-1,9.632768555E0
5.961296958E0,-2.098635864E-1,-5.897735596E-1,9.620793457E0
5.971310958E0,-2.148033142E-1,-5.953120422E-1,9.623188477E0
5.981324958E0,-2.157014465E-1,-6.054908752E-1,9.637558594E0
5.991338958E0,-2.198927307E-1,-6.017486572E-1,9.630972290E0
6.001352958E0,-2.170486450E-1,-6.110293579E-1,9.629774780E0
6.011366958E0,-2.020797729E-1,-6.002517700E-1,9.639803925E0
6.021380958E0,-2.119592285E-1,-5.945635986E-1,9.638157349E0
6.031394958E0,-2.140548706E-1,-5.968089294E-1,9.623038788E0
6.041408958E0,-2.107617188E-1,-5.962101746E-1,9.635612640E0
6.051422958E0,-2.128573608E-1,-6.053411865E-1,9.623637543E0
6.061436958E0,-2.167492676E-1,-6.050418091E-1,9.619446259E0
6.071450958E0,-2.029779053E-1,-6.053411865E-1,9.637259216E0
6.081464958E0,-2.106120300E-1,-6.038442993E-1,9.638756104E0
6.091478958E0,-2.177970886E-1,-6.011499023E-1,9.639803925E0
6.101492958E0,-2.073188782E-1,-6.027964783E-1,9.637708282E0
6.111506958E0,-2.025288391E-1,-6.123765564E-1,9.649683380E0
6.121520958E0,-2.131567383E-1,-6.125262451E-1,9.616153107E0
6.131534958E0,-2.053729248E-1,-6.026467896E-1,9.628876648E0
6.141548958E0,-2.098635864E-1,-6.072871399E-1,9.640552368E0
6.151562958E0,-2.221380615E-1,-6.004014587E-1,9.625284119E0
6.161576958E0,-2.125579834E-1,-6.038442993E-1,9.625284119E0
6.171590958E0,-2.085163879E-1,-6.021977234E-1,9.647737427E0
6.181604958E0,-2.130070496E-1,-6.036946106E-1,9.626930695E0
6.191618958E0,-2.154020691E-1,-6.105802917E-1,9.633367310E0
6.201632958E0,-2.023791504E-1,-6.017486572E-1,9.636061707E0
6.211647083E0,-2.143542480E-1,-5.992039490E-1,9.628577271E0
6.221661083E0,-2.174977112E-1,-6.012995911E-1,9.625882874E0
6.231675083E0,-2.089654541E-1,-6.062393188E-1,9.638456726E0
6.241689083E0,-2.133064270E-1,-6.074368286E-1,9.638007660E0
6.251703083E0,-2.116598511E-1,-6.111790466E-1,9.621092834E0
6.261717083E0,-2.026785278E-1,-5.962101746E-1,9.641600189E0
6.271731083E0,-2.104623413E-1,-6.023474121E-1,9.629026337E0
6.281745083E0,-2.106120300E-1,-5.968089294E-1,9.618847504E0
6.291759083E0,-2.044747925E-1,-6.015989685E-1,9.628577271E0
6.301773083E0,-2.058219910E-1,-6.035449219E-1,9.620943146E0
6.311788083E0,-2.203417969E-1,-6.093827820E-1,9.617649994E0
6.321802083E0,-2.038760376E-1,-6.164181519E-1,9.642198944E0
6.331816083E0,-2.067201233E-1,-6.096821594E-1,9.634714508E0
6.341830083E0,-2.161505127E-1,-5.960604858E-1,9.620793457E0
6.351844083E0,-2.107617188E-1,-6.029461670E-1,9.636211395E0
6.361858083E0,-2.083666992E-1,-6.041436768E-1,9.642947388E0
6.371872083E0,-2.248324585E-1,-5.899232483E-1,9.608818359E0
6.381886083E0,-2.047741699E-1,-6.110293579E-1,9.620045013E0
6.391900083E0,-1.995350647E-1,-5.999523926E-1,9.637109528E0
6.401914083E0,-2.180964661E-1,-6.062393188E-1,9.612410889E0
6.411928083E0,-2.257305908E-1,-6.045927429E-1,9.626631317E0
6.421942083E0,-2.109114075E-1,-6.042933655E-1,9.645342407E0
6.431956083E0,-2.095642090E-1,-6.060896301E-1,9.641600189E0
6.441970083E0,-2.204914856E-1,-5.989045715E-1,9.626481628E0
6.451984083E0,-2.185455322E-1,-6.062393188E-1,9.636510773E0
6.461998083E0,-2.142045593E-1,-6.038442993E-1,9.632469177E0
6.472012083E0,-2.179467773E-1,-6.056405640E-1,9.601932678E0
6.482026083E0,-2.115101624E-1,-6.045927429E-1,9.629176025E0
6.492040083E0,-2.088157654E-1,-6.021977234E-1,9.638157349E0
6.502054083E0,-2.225871277E-1,-5.986051941E-1,9.621541901E0
6.512068083E0,-2.119592285E-1,-6.042933655E-1,9.632768555E0
6.522082083E0,-2.041754150E-1,-6.051914978E-1,9.643396454E0
6.532096083E0,-2.179467773E-1,-6.047424316E-1,9.616452484E0
6.542110083E0,-2.176473999E-1,-6.068380737E-1,9.635612640E0
6.552124083E0,-2.113604736E-1,-6.087840271E-1,9.638606415E0
6.562138083E0,-2.209405518E-1,-6.068380737E-1,9.620943146E0
6.572152083E0,-2.142045593E-1,-6.063890076E-1,9.613907776E0
6.582166083E0,-2.049238586E-1,-5.996530151E-1,9.633367310E0
6.592180083E0,-2.212399292E-1,-6.098318481E-1,9.614656219E0
6.602194083E0,-2.260299683E-1,-6.044430542E-1,9.622889099E0
6.612208083E0,-2.089654541E-1,-6.050418091E-1,9.641899567E0
6.622222083E0,-2.083666992E-1,-6.075865173E-1,9.630972290E0
6.632236083E0,-2.154020691E-1,-6.020480347E-1,9.623038788E0
6.642250083E0,-2.034269714E-1,-5.983058167E-1,9.639803925E0
6.652264083E0,-2.056723022E-1,-6.035449219E-1,9.636361084E0
6.662278083E0,-2.180964661E-1,-6.007008362E-1,9.624385986E0
6.672292083E0,-2.200424194E-1,-6.069877625E-1,9.617799683E0
6.682306083E0,-2.023791504E-1,-6.017486572E-1,9.628277893E0
6.692320083E0,-2.088157654E-1,-6.011499023E-1,9.622589722E0
6.702334083E0,-2.119592285E-1,-6.156697083E-1,9.617649994E0
6.712348083E0,-2.097138977E-1,-6.146218872E-1,9.625882874E0
6.722362083E0,-2.197430420E-1,-5.983058167E-1,9.622589722E0
6.732376083E0,-2.113604736E-1,-6.018983459E-1,9.629325714E0
6.742390083E0,-2.097138977E-1,-6.068380737E-1,9.626032562E0
6.752404083E0,-2.109114075E-1,-6.048921204E-1,9.623936920E0
6.762418083E0,-2.124082947E-1,-5.993536377E-1,9.630223846E0
6.772433083E0,-2.151026917E-1,-5.984555054E-1,9.634115753E0
6.782447083E0,-2.044747925E-1,-5.999523926E-1,9.617949371E0
6.792461083E0,-2.148033142E-1,-6.026467896E-1,9.627379761E0
6.802475083E0,-2.016307068E-1,-5.996530151E-1,9.634714508E0
6.812489083E0,-2.079176331E-1,-6.004014587E-1,9.625583496E0
6.822503083E0,-2.154020691E-1,-6.059399414E-1,9.621242523E0
6.832517083E0,-2.179467773E-1,-6.032455444E-1,9.630672913E0
6.842531083E0,-2.168989563E-1,-6.048921204E-1,9.631121979E0
6.852545083E0,-2.110610962E-1,-6.083349609E-1,9.638307037E0
6.862559083E0,-2.028282166E-1,-6.015989685E-1,9.631720734E0
6.872573083E0,-2.122586060E-1,-5.998027039E-1,9.627230072E0
6.882587083E0,-2.188449097E-1,-6.059399414E-1,9.615254974E0
6.892601083E0,-2.206411743E-1,-6.125262451E-1,9.628427582E0
6.902615083E0,-2.095642090E-1,-6.102809143E-1,9.630672913E0
6.912629083E0,-2.047741699E-1,-6.092330933E-1,9.633367310E0
6.922643083E0,-2.116598511E-1,-5.989045715E-1,9.635462952E0
6.932657083E0,-2.183958435E-1,-6.191125488E-1,9.625733185E0
6.942671083E0,-2.170486450E-1,-6.005511475E-1,9.625583496E0
6.952685083E0,-2.055226135E-1,-5.995033264E-1,9.619296570E0
6.962699083E0,-2.098635864E-1,-5.944139099E-1,9.625583496E0
6.972713083E0,-2.097138977E-1,-6.096821594E-1,9.615704041E0
6.982727083E0,-2.160008240E-1,-5.945635986E-1,9.631421356E0
6.992741083E0,-2.209405518E-1,-6.105802917E-1,9.631121979E0
7.002755083E0,-2.222877502E-1,-6.120771790E-1,9.624535675E0
7.012769083E0,-2.113604736E-1,-6.029461670E-1,9.639654236E0
7.022783083E0,-2.076182556E-1,-6.036946106E-1,9.625583496E0
7.032797083E0,-2.168989563E-1,-6.014492798E-1,9.614955597E0
7.042811083E0,-2.165995789E-1,-6.026467896E-1,9.634564819E0
7.052825083E0,-2.176473999E-1,-6.092330933E-1,9.634415131E0
7.062839083E0,-2.080673218E-1,-6.032455444E-1,9.621242523E0
7.072853083E0,-2.109114075E-1,-6.027964783E-1,9.631421356E0
7.082867083E0,-2.082170105E-1,-6.054908752E-1,9.642498322E0
7.092881083E0,-2.125579834E-1,-6.057902527E-1,9.630223846E0
7.102895083E0,-2.103126526E-1,-6.084846497E-1,9.630523224E0
7.112909083E0,-2.031275940E-1,-5.935157776E-1,9.632469177E0
7.122923083E0,-2.143542480E-1,-6.020480347E-1,9.608668671E0
7.132937083E0,-2.127076721E-1,-6.090834045E-1,9.616302795E0
7.142951083E0,-2.115101624E-1,-6.048921204E-1,9.624086609E0
7.152965083E0,-2.207908630E-1,-6.123765564E-1,9.629176025E0
7.162980083E0,-2.183958435E-1,-5.983058167E-1,9.630972290E0
7.172994083E0,-2.080673218E-1,-6.069877625E-1,9.648785248E0
7.183008083E0,-2.038760376E-1,-6.010002136E-1,9.630223846E0
7.193022083E0,-2.076182556E-1,-5.977070618E-1,9.627828827E0
7.203036083E0,-2.119592285E-1,-6.017486572E-1,9.631720734E0
7.213050958E0,-2.097138977E-1,-6.047424316E-1,9.625882874E0
7.223064958E0,-2.092648315E-1,-5.986051941E-1,9.620943146E0
7.233078958E0,-2.071691895E-1,-6.099815369E-1,9.621092834E0
7.243092958E0,-2.101629639E-1,-6.078858948E-1,9.634115753E0
7.253106958E0,-2.203417969E-1,-5.989045715E-1,9.630223846E0
7.263120958E0,-2.206411743E-1,-6.140231323E-1,9.638157349E0
7.273134958E0,-2.189945984E-1,-6.105802917E-1,9.639205170E0
7.283148958E0,-2.134561157E-1,-5.993536377E-1,9.624385986E0
7.293162958E0,-2.174977112E-1,-6.011499023E-1,9.620194702E0
7.303176958E0,-2.059716797E-1,-5.989045715E-1,9.633217621E0
7.313190958E0,-2.100132751E-1,-6.090834045E-1,9.620943146E0
7.323204958E0,-2.219883728E-1,-6.087840271E-1,9.626032562E0
7.333218958E0,-2.131567383E-1,-6.042933655E-1,9.631271667E0
7.343232958E0,-2.131567383E-1,-6.066883850E-1,9.634415131E0
7.353246958E0,-2.079176331E-1,-5.969586182E-1,9.636510773E0
7.363260958E0,-2.115101624E-1,-6.110293579E-1,9.629924469E0
7.373274958E0,-2.176473999E-1,-6.122268677E-1,9.617500305E0
7.383288958E0,-2.073188782E-1,-5.990542603E-1,9.629774780E0
7.393302958E0,-2.071691895E-1,-6.051914978E-1,9.631870422E0
7.403316958E0,-2.089654541E-1,-6.054908752E-1,9.624835052E0
7.413330958E0,-2.195933533E-1,-6.057902527E-1,9.633217621E0
7.423344958E0,-2.189945984E-1,-6.078858948E-1,9.636810150E0
7.433358958E0,-2.180964661E-1,-6.081852722E-1,9.640103302E0
7.443372958E0,-2.243833923E-1,-6.050418091E-1,9.626182251E0
7.453386958E0,-2.104623413E-1,-6.089337158E-1,9.637109528E0
7.463401958E0,-2.077679443E-1,-6.072871399E-1,9.629625092E0
7.473415958E0,-2.107617188E-1,-6.059399414E-1,9.621092834E0
7.483429958E0,-2.065704346E-1,-5.954617310E-1,9.623936920E0
7.493443958E0,-2.152523804E-1,-5.957611084E-1,9.629475403E0
7.503457958E0,-2.091151428E-1,-5.972579956E-1,9.615853729E0
7.513471958E0,-2.179467773E-1,-5.977070618E-1,9.611213379E0
7.523485958E0,-2.076182556E-1,-6.059399414E-1,9.636660461E0
7.533499958E0,-2.104623413E-1,-6.104306030E-1,9.636810150E0
7.543513958E0,-2.188449097E-1,-6.018983459E-1,9.612261200E0
7.553527958E0,-2.157014465E-1,-6.104306030E-1,9.622589722E0
7.563541958E0,-2.151026917E-1,-6.117778015E-1,9.630523224E0
7.573555958E0,-2.122586060E-1,-6.050418091E-1,9.612560577E0
7.583569958E0,-2.095642090E-1,-6.093827820E-1,9.627230072E0
7.593583958E0,-2.133064270E-1,-6.093827820E-1,9.633217621E0
7.603597958E0,-2.157014465E-1,-6.053411865E-1,9.616302795E0
7.613611958E0,-2.073188782E-1,-6.026467896E-1,9.633367310E0
7.623625958E0,-2.071691895E-1,-6.001020813E-1,9.628427582E0
7.633639958E0,-2.082170105E-1,-5.987548828E-1,9.624385986E0
7.643653958E0,-2.118095398E-1,-6.083349609E-1,9.627379761E0
7.653667958E0,-2.107617188E-1,-6.063890076E-1,9.616302795E0
7.663681958E0,-2.201921082E-1,-6.069877625E-1,9.627978516E0
7.673695958E0,-2.177970886E-1,-6.198609924E-1,9.627679138E0
7.683709958E0,-2.157014465E-1,-6.039939880E-1,9.625134430E0
7.693723958E0,-2.115101624E-1,-5.947132874E-1,9.623936920E0
7.703737958E0,-2.097138977E-1,-6.087840271E-1,9.623188477E0
7.713751958E0,-2.121089172E-1,-6.060896301E-1,9.629475403E0
7.723765958E0,-2.128573608E-1,-6.065386963E-1,9.616452484E0
7.733779958E0,-2.148033142E-1,-6.012995911E-1,9.616452484E0
7.743793958E0,-2.168989563E-1,-6.066883850E-1,9.625134430E0
7.753808958E0,-2.146536255E-1,-6.096821594E-1,9.626032562E0
7.763822958E0,-2.200424194E-1,-6.074368286E-1,9.633367310E0
7.773836958E0,-2.128573608E-1,-6.092330933E-1,9.621841278E0
7.783850958E0,-2.182461548E-1,-6.093827820E-1,9.630822601E0
7.793864958E0,-2.142045593E-1,-6.111790466E-1,9.620045013E0
7.803878958E0,-2.098635864E-1,-6.051914978E-1,9.631571045E0
7.813892958E0,-2.163002014E-1,-6.047424316E-1,9.626781006E0
7.823906958E0,-2.179467773E-1,-6.060896301E-1,9.629924469E0
7.833920958E0,-2.094145203E-1,-6.113287354E-1,9.620943146E0
7.843934958E0,-2.085163879E-1,-5.996530151E-1,9.622140656E0
7.853948958E0,-2.222877502E-1,-6.021977234E-1,9.620494080E0
7.863962958E0,-2.188449097E-1,-6.048921204E-1,9.634415131E0
7.873976958E0,-2.127076721E-1,-6.044430542E-1,9.622440033E0
7.883990958E0,-2.134561157E-1,-6.104306030E-1,9.622739410E0
7.894004958E0,-2.155517578E-1,-6.144721985E-1,9.633666687E0
7.904018958E0,-2.104623413E-1,-6.007008362E-1,9.635163574E0
7.914032958E0,-2.146536255E-1,-5.957611084E-1,9.631870422E0
7.924046958E0,-2.213896179E-1,-6.029461670E-1,9.618248749E0
7.934060958E0,-2.122586060E-1,-6.171665955E-1,9.628128204E0
7.944074958E0,-2.145039368E-1,-6.167175293E-1,9.626781006E0
7.954088958E0,-2.167492676E-1,-6.132746887E-1,9.626032562E0
7.964102958E0,-2.107617188E-1,-6.096821594E-1,9.643246765E0
7.974116958E0,-2.020797729E-1,-6.116281128E-1,9.642648010E0
7.984130958E0,-2.189945984E-1,-6.101312256E-1,9.623338165E0
7.994145958E0,-2.149530029E-1,-6.087840271E-1,9.634864197E0
8.004159958E0,-2.252815247E-1,-6.140231323E-1,9.623038788E0
8.014173958E0,-2.170486450E-1,-6.086343384E-1,9.617500305E0
8.024187958E0,-2.127076721E-1,-6.038442993E-1,9.636361084E0
8.034201958E0,-2.059716797E-1,-6.042933655E-1,9.639654236E0
8.044215958E0,-2.079176331E-1,-5.911207581E-1,9.626781006E0
8.054229958E0,-2.101629639E-1,-5.939648438E-1,9.629176025E0
8.064243958E0,-2.053729248E-1,-5.855822754E-1,9.631720734E0
8.074257958E0,-2.037263489E-1,-5.893244934E-1,9.617949371E0
8.084271958E0,-1.966909790E-1,-5.861810303E-1,9.612410889E0
8.094285958E0,-1.896556091E-1,-5.873785400E-1,9.635612640E0
8.104299958E0,-2.077679443E-1,-5.929170227E-1,9.618997192E0
8.114313958E0,-2.074685669E-1,-5.963598633E-1,9.617649994E0
8.124327958E0,-2.005828857E-1,-5.990542603E-1,9.637857971E0
8.134341958E0,-2.206411743E-1,-5.998027039E-1,9.634265442E0
8.144355958E0,-2.197430420E-1,-6.062393188E-1,9.630822601E0
8.154369958E0,-2.230361938E-1,-6.060896301E-1,9.630523224E0
8.164383958E0,-2.112107849E-1,-6.024971008E-1,9.620793457E0
8.174397958E0,-2.097138977E-1,-6.071374512E-1,9.612859955E0
8.184411958E0,-2.158511353E-1,-6.158193970E-1,9.616452484E0
8.194425958E0,-2.151026917E-1,-6.123765564E-1,9.631720734E0
8.204439958E0,-2.242337036E-1,-6.011499023E-1,9.627529449E0
8.214456708E0,-2.185455322E-1,-6.023474121E-1,9.639953613E0
8.224471708E0,-2.101629639E-1,-6.062393188E-1,9.634265442E0
8.234485708E0,-2.142045593E-1,-6.132746887E-1,9.629026337E0
8.244499708E0,-2.171983337E-1,-6.144721985E-1,9.630223846E0
8.254513708E0,-2.171983337E-1,-6.113287354E-1,9.628577271E0
8.264527708E0,-2.243833923E-1,-6.147715759E-1,9.621392212E0
8.274541708E0,-2.167492676E-1,-6.060896301E-1,9.631271667E0
8.284555708E0,-2.198927307E-1,-6.105802917E-1,9.627230072E0
8.294569708E0,-2.281256104E-1,-6.242019653E-1,9.624984741E0
8.304583708E0,-2.209405518E-1,-6.107299805E-1,9.630223846E0
8.314597708E0,-2.095642090E-1,-6.075865173E-1,9.647138672E0
8.324611708E0,-2.134561157E-1,-6.010002136E-1,9.627529449E0
8.334625708E0,-2.160008240E-1,-5.990542603E-1,9.621392212E0
8.344639708E0,-2.124082947E-1,-6.062393188E-1,9.624385986E0
8.354653708E0,-2.080673218E-1,-6.099815369E-1,9.626331940E0
8.364667708E0,-2.180964661E-1,-5.987548828E-1,9.620494080E0
8.374681708E0,-2.100132751E-1,-6.087840271E-1,9.626631317E0
8.384695708E0,-2.067201233E-1,-6.087840271E-1,9.626182251E0
8.394709708E0,-2.070195007E-1,-6.092330933E-1,9.620943146E0
8.404723708E0,-2.053729248E-1,-5.968089294E-1,9.633217621E0
8.414737708E0,-2.073188782E-1,-5.966592407E-1,9.635013885E0
8.424751708E0,-2.092648315E-1,-5.962101746E-1,9.625433807E0
8.434766708E0,-2.056723022E-1,-5.975573730E-1,9.625134430E0
8.444780708E0,-2.083666992E-1,-5.926176453E-1,9.616901550E0
8.454794708E0,-2.095642090E-1,-5.923182678E-1,9.616452484E0
8.464808708E0,-2.103126526E-1,-6.038442993E-1,9.626481628E0
8.474822708E0,-2.152523804E-1,-5.975573730E-1,9.629774780E0
8.484836708E0,-2.149530029E-1,-6.054908752E-1,9.630074158E0
8.494850708E0,-2.119592285E-1,-5.968089294E-1,9.626930695E0
8.504864708E0,-2.142045593E-1,-6.029461670E-1,9.636810150E0
8.514878708E0,-2.118095398E-1,-6.050418091E-1,9.629026337E0
8.524892708E0,-2.142045593E-1,-5.936654663E-1,9.614207153E0
8.534906708E0,-2.240840149E-1,-6.004014587E-1,9.620943146E0
8.544920708E0,-2.119592285E-1,-6.038442993E-1,9.631271667E0
8.554934708E0,-2.071691895E-1,-6.051914978E-1,9.627230072E0
8.564948708E0,-2.127076721E-1,-5.984555054E-1,9.625284119E0
8.574962708E0,-2.019300842E-1,-5.984555054E-1,9.638606415E0
8.584976708E0,-2.074685669E-1,-6.008505249E-1,9.642648010E0
8.594990708E0,-2.101629639E-1,-6.030958557E-1,9.620643768E0
8.605004708E0,-2.118095398E-1,-5.935157776E-1,9.630074158E0
8.615018708E0,-2.152523804E-1,-5.983058167E-1,9.621541901E0
8.625032708E0,-2.154020691E-1,-6.056405640E-1,9.611812134E0
8.635046708E0,-2.029779053E-1,-5.963598633E-1,9.624984741E0
8.645061708E0,-2.127076721E-1,-5.992039490E-1,9.631271667E0
8.655075708E0,-2.163002014E-1,-5.974076843E-1,9.628277893E0
8.665089708E0,-2.174977112E-1,-6.155200195E-1,9.643246765E0
8.675103708E0,-2.139051819E-1,-6.069877625E-1,9.636211395E0
8.685117708E0,-2.067201233E-1,-5.951623535E-1,9.625882874E0
8.695131708E0,-2.097138977E-1,-5.935157776E-1,9.623487854E0
8.705145708E0,-2.019300842E-1,-5.918692017E-1,9.617500305E0
8.715159708E0,-2.032772827E-1,-5.918692017E-1,9.617051239E0
8.725173708E0,-2.077679443E-1,-5.890251160E-1,9.622589722E0
8.735187708E0,-2.115101624E-1,-6.083349609E-1,9.629176025E0
8.745201708E0,-2.157014465E-1,-6.051914978E-1,9.624236298E0
8.755215708E0,-2.186952209E-1,-6.010002136E-1,9.637708282E0
8.765229708E0,-2.106120300E-1,-6.092330933E-1,9.644444275E0
8.775243708E0,-2.125579834E-1,-6.011499023E-1,9.632918243E0
8.785257708E0,-2.122586060E-1,-6.017486572E-1,9.636959839E0
8.795271708E0,-2.089654541E-1,-6.116281128E-1,9.631121979E0
8.805285708E0,-2.152523804E-1,-6.007008362E-1,9.616153107E0
8.815299708E0,-2.168989563E-1,-6.129753113E-1,9.628128204E0
8.825314708E0,-2.061213684E-1,-6.092330933E-1,9.623787231E0
8.835328708E0,-2.140548706E-1,-5.978567505E-1,9.629026337E0
8.845342708E0,-2.151026917E-1,-6.131250000E-1,9.638157349E0
8.855356708E0,-2.133064270E-1,-6.128256226E-1,9.642947388E0
8.865370708E0,-2.164498901E-1,-6.045927429E-1,9.626631317E0
8.875384708E0,-2.052232361E-1,-5.981561279E-1,9.629475403E0
8.885398708E0,-2.119592285E-1,-5.996530151E-1,9.626032562E0
8.895412708E0,-2.125579834E-1,-6.051914978E-1,9.608518982E0
8.905426708E0,-2.128573608E-1,-5.962101746E-1,9.628427582E0
8.915440708E0,-2.167492676E-1,-6.074368286E-1,9.639654236E0
8.925454708E0,-2.143542480E-1,-5.990542603E-1,9.619296570E0
8.935468708E0,-2.086660767E-1,-5.983058167E-1,9.626930695E0
8.945482708E0,-2.047741699E-1,-6.093827820E-1,9.643246765E0
8.955496708E0,-2.082170105E-1,-5.926176453E-1,9.635762329E0
8.965510708E0,-2.134561157E-1,-5.929170227E-1,9.626481628E0
8.975524708E0,-2.085163879E-1,-6.011499023E-1,9.628726959E0
8.985538708E0,-2.134561157E-1,-6.004014587E-1,9.624385986E0
8.995552708E0,-2.207908630E-1,-6.047424316E-1,9.620344391E0
9.005566708E0,-2.146536255E-1,-6.092330933E-1,9.631571045E0
9.015580708E0,-2.113604736E-1,-6.078858948E-1,9.651030579E0
9.025594708E0,-2.154020691E-1,-5.990542603E-1,9.630523224E0
9.035609708E0,-2.107617188E-1,-6.008505249E-1,9.631870422E0
9.045623708E0,-2.013313293E-1,-5.995033264E-1,9.628577271E0
9.055637708E0,-2.061213684E-1,-6.007008362E-1,9.629325714E0
9.065651708E0,-2.113604736E-1,-5.903723145E-1,9.617949371E0
9.075665708E0,-2.098635864E-1,-6.083349609E-1,9.619146881E0
9.085679708E0,-2.139051819E-1,-6.080355835E-1,9.633816376E0
9.095693708E0,-2.180964661E-1,-6.036946106E-1,9.640402679E0
9.105707708E0,-2.143542480E-1,-6.170169067E-1,9.631870422E0
9.115721708E0,-2.043251038E-1,-6.131250000E-1,9.637857971E0
9.125735708E0,-2.029779053E-1,-6.059399414E-1,9.627080383E0
9.135749708E0,-2.031275940E-1,-5.957611084E-1,9.620643768E0
9.145763708E0,-2.091151428E-1,-5.935157776E-1,9.619745636E0
9.155777708E0,-2.100132751E-1,-5.923182678E-1,9.617799683E0
9.165791708E0,-2.074685669E-1,-6.011499023E-1,9.621242523E0
9.175805708E0,-2.058219910E-1,-6.044430542E-1,9.629924469E0
9.185819708E0,-2.058219910E-1,-6.004014587E-1,9.623637543E0
9.195833708E0,-2.097138977E-1,-6.057902527E-1,9.629625092E0
9.205847708E0,-2.128573608E-1,-6.077362061E-1,9.632020111E0
9.215862500E0,-2.113604736E-1,-6.090834045E-1,9.628128204E0
9.225877500E0,-2.194436646E-1,-5.950126648E-1,9.616003418E0
9.235891500E0,-2.103126526E-1,-6.129753113E-1,9.626032562E0
9.245905500E0,-2.092648315E-1,-6.096821594E-1,9.641450500E0
9.255919500E0,-2.146536255E-1,-5.968089294E-1,9.618248749E0
9.265933500E0,-2.113604736E-1,-6.131250000E-1,9.640103302E0
9.275947500E0,-2.116598511E-1,-6.096821594E-1,9.650731201E0
9.285961500E0,-2.177970886E-1,-6.012995911E-1,9.617500305E0
9.295975500E0,-2.103126526E-1,-6.069877625E-1,9.615704041E0
9.305989500E0,-1.999841309E-1,-6.047424316E-1,9.640702057E0
9.316003500E0,-2.160008240E-1,-6.051914978E-1,9.622739410E0
9.326017500E0,-2.233355713E-1,-6.099815369E-1,9.614356842E0
9.336031500E0,-2.065704346E-1,-6.032455444E-1,9.643546143E0
9.346045500E0,-2.171983337E-1,-6.074368286E-1,9.626032562E0
9.356059500E0,-2.183958435E-1,-5.980064392E-1,9.626032562E0
9.366073500E0,-2.001338196E-1,-6.065386963E-1,9.647138672E0
9.376087500E0,-2.115101624E-1,-6.104306030E-1,9.633067932E0
9.386101500E0,-2.231858826E-1,-5.969586182E-1,9.607770538E0
9.396115500E0,-2.154020691E-1,-6.012995911E-1,9.641450500E0
9.406130500E0,-2.083666992E-1,-6.021977234E-1,9.636211395E0
9.416144500E0,-2.213896179E-1,-5.948629761E-1,9.596394196E0
9.426158500E0,-2.097138977E-1,-6.027964783E-1,9.633067932E0
9.436172500E0,-2.089654541E-1,-6.092330933E-1,9.638456726E0
9.446186500E0,-2.201921082E-1,-6.035449219E-1,9.610015869E0
9.456200500E0,-2.131567383E-1,-5.966592407E-1,9.630822601E0
9.466214500E0,-2.002835083E-1,-6.056405640E-1,9.647438049E0
9.476228500E0,-2.180964661E-1,-5.984555054E-1,9.614057465E0
9.486242500E0,-2.101629639E-1,-6.020480347E-1,9.618398438E0
9.496256500E0,-2.059716797E-1,-5.999523926E-1,9.647288361E0
9.506270500E0,-2.140548706E-1,-6.080355835E-1,9.606573029E0
9.516284500E0,-2.140548706E-1,-6.026467896E-1,9.613009644E0
9.526298500E0,-2.008822632E-1,-6.065386963E-1,9.648635559E0
9.536312500E0,-2.091151428E-1,-6.056405640E-1,9.633816376E0
9.546326500E0,-2.177970886E-1,-6.038442993E-1,9.610315247E0
9.556340500E0,-2.022294617E-1,-6.029461670E-1,9.647587738E0
9.566354500E0,-2.077679443E-1,-6.075865173E-1,9.630074158E0
9.576368500E0,-2.094145203E-1,-6.012995911E-1,9.629774780E0
9.586383500E0,-2.113604736E-1,-6.074368286E-1,9.631720734E0
9.596397500E0,-2.174977112E-1,-6.039939880E-1,9.621691589E0
9.606411500E0,-2.164498901E-1,-6.029461670E-1,9.623038788E0
9.616425500E0,-2.032772827E-1,-6.004014587E-1,9.633067932E0
9.626439500E0,-2.122586060E-1,-5.947132874E-1,9.633217621E0
9.636453500E0,-2.139051819E-1,-5.962101746E-1,9.629475403E0
9.646467500E0,-2.133064270E-1,-6.110293579E-1,9.638307037E0
9.656481500E0,-2.110610962E-1,-6.080355835E-1,9.627828827E0
9.666495500E0,-2.125579834E-1,-6.039939880E-1,9.623637543E0
9.676509500E0,-2.034269714E-1,-5.983058167E-1,9.628876648E0
9.686523500E0,-2.034269714E-1,-6.105802917E-1,9.637408905E0
9.696537500E0,-2.115101624E-1,-6.102809143E-1,9.632319489E0
9.706551500E0,-2.136058044E-1,-6.126759338E-1,9.620793457E0
9.716565500E0,-2.182461548E-1,-6.137237549E-1,9.624236298E0
9.726579500E0,-2.160008240E-1,-6.092330933E-1,9.634265442E0
9.736593500E0,-2.140548706E-1,-6.090834045E-1,9.636211395E0
9.746607500E0,-2.130070496E-1,-6.080355835E-1,9.641749878E0
9.756621500E0,-2.119592285E-1,-6.053411865E-1,9.647288361E0
9.766636500E0,-2.109114075E-1,-6.023474121E-1,9.642198944E0
9.776650500E0,-2.109114075E-1,-6.027964783E-1,9.617051239E0
9.786664500E0,-2.065704346E-1,-6.021977234E-1,9.624835052E0
9.796678500E0,-2.062710571E-1,-6.107299805E-1,9.623936920E0
9.806692500E0,-2.085163879E-1,-6.096821594E-1,9.625134430E0
9.816706500E0,-2.115101624E-1,-6.017486572E-1,9.630672913E0
9.826720500E0,-2.137554932E-1,-6.074368286E-1,9.624385986E0
9.836734500E0,-2.165995789E-1,-6.108796692E-1,9.633966064E0
9.846748500E0,-2.209405518E-1,-6.095324707E-1,9.634265442E0
9.856762500E0,-2.109114075E-1,-6.152206421E-1,9.634265442E0
9.866776500E0,-2.110610962E-1,-6.044430542E-1,9.629026337E0
9.876790500E0,-2.145039368E-1,-6.001020813E-1,9.628128204E0
9.886804500E0,-2.163002014E-1,-6.063890076E-1,9.620643768E0
9.896818500E0,-2.101629639E-1,-6.080355835E-1,9.629924469E0
9.906832500E0,-2.201921082E-1,-5.978567505E-1,9.628128204E0
9.916846500E0,-2.112107849E-1,-6.086343384E-1,9.624685364E0
9.926860500E0,-2.065704346E-1,-6.002517700E-1,9.628726959E0
9.936874500E0,-2.068698120E-1,-6.093827820E-1,9.638307037E0
9.946888500E0,-2.131567383E-1,-5.947132874E-1,9.638456726E0
9.956903500E0,-2.109114075E-1,-6.116281128E-1,9.624685364E0
9.966917500E0,-2.137554932E-1,-6.135740662E-1,9.625284119E0
9.976931500E0,-2.059716797E-1,-6.029461670E-1,9.630223846E0
9.986945500E0,-2.161505127E-1,-5.992039490E-1,9.629625092E0
9.996959500E0,-2.155517578E-1,-5.980064392E-1,9.619446259E0
1.000697350E1,-2.101629639E-1,-6.030958557E-1,9.637708282E0
1.001698750E1,-2.086660767E-1,-6.023474121E-1,9.636660461E0
1.002700150E1,-2.032772827E-1,-6.024971008E-1,9.631421356E0
1.003701550E1,-2.014810181E-1,-5.966592407E-1,9.640402679E0
1.004702950E1,-1.935475159E-1,-5.908213806E-1,9.635313263E0
1.005704350E1,-2.174977112E-1,-5.939648438E-1,9.619146881E0
1.006705750E1,-2.252815247E-1,-6.027964783E-1,9.623038788E0
1.007707150E1,-2.179467773E-1,-6.131250000E-1,9.623936920E0
1.008708550E1,-2.149530029E-1,-6.089337158E-1,9.614805908E0
1.009709950E1,-2.137554932E-1,-6.068380737E-1,9.640851746E0
1.010711350E1,-1.989363098E-1,-6.077362061E-1,9.648336182E0
1.011712750E1,-2.174977112E-1,-6.096821594E-1,9.634864197E0
1.012714150E1,-2.113604736E-1,-6.068380737E-1,9.630523224E0
1.013715550E1,-2.014810181E-1,-6.087840271E-1,9.640402679E0
1.014717050E1,-2.085163879E-1,-6.050418091E-1,9.624685364E0
1.015718450E1,-2.095642090E-1,-6.074368286E-1,9.618847504E0
1.016719850E1,-2.022294617E-1,-6.029461670E-1,9.636660461E0
1.017721250E1,-2.121089172E-1,-6.060896301E-1,9.624685364E0
1.018722650E1,-2.251318359E-1,-6.010002136E-1,9.619895325E0
1.019724050E1,-2.071691895E-1,-6.008505249E-1,9.643995209E0
1.020725450E1,-2.107617188E-1,-6.065386963E-1,9.639504547E0
1.021726433E1,-2.252815247E-1,-5.981561279E-1,9.610464935E0
1.022727833E1,-2.011816406E-1,-6.002517700E-1,9.640402679E0
1.023729233E1,-2.110610962E-1,-6.089337158E-1,9.623338165E0
1.024730633E1,-2.148033142E-1,-5.986051941E-1,9.608518982E0
1.025732033E1,-2.143542480E-1,-6.072871399E-1,9.627529449E0
1.026733433E1,-2.142045593E-1,-6.087840271E-1,9.637408905E0
1.027734833E1,-2.264790344E-1,-6.065386963E-1,9.624984741E0
1.028736233E1,-2.240840149E-1,-6.188131714E-1,9.638756104E0
1.029737633E1,-2.165995789E-1,-6.093827820E-1,9.651030579E0
1.030739033E1,-2.189945984E-1,-6.012995911E-1,9.615105286E0
1.031740433E1,-2.106120300E-1,-6.092330933E-1,9.618847504E0
1.032741833E1,-2.019300842E-1,-6.042933655E-1,9.633966064E0
1.033743333E1,-2.145039368E-1,-6.033952332E-1,9.607321472E0
1.034744733E1,-2.140548706E-1,-6.047424316E-1,9.614057465E0
1.035746133E1,-2.028282166E-1,-6.035449219E-1,9.648485870E0
1.036747533E1,-2.171983337E-1,-6.089337158E-1,9.646839294E0
1.037748933E1,-2.155517578E-1,-6.059399414E-1,9.644593964E0
1.038750333E1,-2.118095398E-1,-6.135740662E-1,9.643845520E0
1.039751733E1,-2.183958435E-1,-6.111790466E-1,9.639055481E0
1.040753133E1,-2.158511353E-1,-5.993536377E-1,9.618398438E0
1.041754533E1,-1.989363098E-1,-5.957611084E-1,9.625882874E0
1.042755933E1,-1.951940918E-1,-6.002517700E-1,9.625733185E0
1.043757333E1,-2.130070496E-1,-5.981561279E-1,9.617799683E0
1.044758733E1,-2.086660767E-1,-6.017486572E-1,9.633516998E0
1.045760133E1,-2.116598511E-1,-6.083349609E-1,9.634265442E0
1.046761533E1,-2.130070496E-1,-6.038442993E-1,9.635762329E0
1.047762933E1,-2.052232361E-1,-6.023474121E-1,9.633367310E0
1.048764333E1,-1.920506287E-1,-5.948629761E-1,9.636510773E0
1.049765733E1,-2.140548706E-1,-5.987548828E-1,9.607022095E0
1.050767133E1,-2.173480225E-1,-6.084846497E-1,9.618847504E0
1.051768533E1,-2.206411743E-1,-6.069877625E-1,9.639504547E0
1.052770033E1,-2.281256104E-1,-6.123765564E-1,9.629924469E0
1.053771433E1,-2.203417969E-1,-6.101312256E-1,9.637708282E0
1.054772833E1,-2.022294617E-1,-6.074368286E-1,9.655521240E0
1.055774233E1,-2.174977112E-1,-6.218069458E-1,9.646240540E0
1.056775633E1,-2.245330811E-1,-6.128256226E-1,9.621990967E0
1.057777033E1,-2.192939758E-1,-6.171665955E-1,9.633067932E0
1.058778433E1,-2.100132751E-1,-6.033952332E-1,9.619745636E0
1.059779833E1,-2.180964661E-1,-6.004014587E-1,9.605525208E0
1.060781233E1,-2.049238586E-1,-6.059399414E-1,9.606573029E0
1.061782633E1,-2.035766602E-1,-6.005511475E-1,9.636660461E0
1.062784033E1,-2.233355713E-1,-6.057902527E-1,9.626481628E0
1.063785433E1,-2.237846375E-1,-6.176156616E-1,9.637109528E0
1.064786833E1,-2.040257263E-1,-6.077362061E-1,9.652377777E0
1.065788233E1,-2.168989563E-1,-5.981561279E-1,9.633816376E0
1.066789633E1,-2.055226135E-1,-5.971083069E-1,9.621691589E0
1.067791033E1,-2.146536255E-1,-5.990542603E-1,9.616901550E0
1.068792433E1,-2.056723022E-1,-5.984555054E-1,9.618248749E0
1.069793833E1,-2.128573608E-1,-6.001020813E-1,9.620045013E0
1.070795233E1,-2.052232361E-1,-6.030958557E-1,9.626930695E0
1.071796633E1,-2.179467773E-1,-6.066883850E-1,9.644294586E0
1.072798133E1,-2.239343262E-1,-6.056405640E-1,9.642049255E0
1.073799533E1,-2.155517578E-1,-6.099815369E-1,9.641001434E0
1.074800933E1,-2.121089172E-1,-6.056405640E-1,9.648485870E0
1.075802333E1,-2.067201233E-1,-6.084846497E-1,9.625733185E0
1.076803733E1,-2.074685669E-1,-5.956114197E-1,9.624984741E0
1.077805133E1,-2.119592285E-1,-5.989045715E-1,9.636061707E0
1.078806533E1,-2.127076721E-1,-5.980064392E-1,9.615105286E0
1.079807933E1,-2.074685669E-1,-6.012995911E-1,9.622889099E0
1.080809333E1,-2.014810181E-1,-6.010002136E-1,9.638007660E0
1.081810733E1,-2.115101624E-1,-6.075865173E-1,9.640702057E0
1.082812133E1,-2.221380615E-1,-6.134243774E-1,9.629924469E0
1.083813533E1,-2.177970886E-1,-6.065386963E-1,9.646988983E0
1.084814933E1,-2.115101624E-1,-6.041436768E-1,9.642648010E0
1.085816333E1,-2.035766602E-1,-6.099815369E-1,9.629026337E0
1.086817733E1,-2.055226135E-1,-6.074368286E-1,9.623487854E0
1.087819133E1,-2.122586060E-1,-6.032455444E-1,9.624086609E0
1.088820533E1,-2.245330811E-1,-5.938151550E-1,9.627080383E0
1.089821933E1,-2.124082947E-1,-5.990542603E-1,9.637558594E0
1.090823333E1,-2.116598511E-1,-5.996530151E-1,9.633966064E0
1.091824733E1,-2.140548706E-1,-6.033952332E-1,9.642049255E0
1.092826133E1,-2.086660767E-1,-6.039939880E-1,9.623487854E0
1.093827633E1,-2.088157654E-1,-6.078858948E-1,9.622440033E0
1.094829033E1,-2.152523804E-1,-6.101312256E-1,9.635313263E0
1.095830433E1,-2.125579834E-1,-6.104306030E-1,9.623188477E0
1.096831833E1,-2.131567383E-1,-6.015989685E-1,9.638756104E0
1.097833233E1,-2.094145203E-1,-6.066883850E-1,9.639055481E0
1.098834633E1,-2.092648315E-1,-6.057902527E-1,9.635013885E0
1.099836033E1,-2.170486450E-1,-6.008505249E-1,9.628277893E0
1.100837433E1,-2.071691895E-1,-6.132746887E-1,9.633516998E0
1.101838833E1,-2.180964661E-1,-6.033952332E-1,9.634115753E0
1.102840233E1,-2.197430420E-1,-6.092330933E-1,9.629325714E0
1.103841633E1,-2.062710571E-1,-6.092330933E-1,9.626631317E0
1.104843033E1,-2.170486450E-1,-6.113287354E-1,9.632319489E0
1.105844433E1,-2.240840149E-1,-6.125262451E-1,9.628577271E0
1.106845833E1,-2.188449097E-1,-6.138734436E-1,9.638307037E0
1.107847233E1,-2.074685669E-1,-6.050418091E-1,9.631720734E0
1.108848633E1,-2.098635864E-1,-6.018983459E-1,9.612710266E0
1.109850033E1,-2.076182556E-1,-6.035449219E-1,9.625882874E0
1.110851433E1,-2.148033142E-1,-6.035449219E-1,9.623338165E0
1.111852833E1,-2.157014465E-1,-5.950126648E-1,9.624236298E0
1.112854233E1,-2.204914856E-1,-6.011499023E-1,9.637259216E0
1.113855633E1,-2.127076721E-1,-6.044430542E-1,9.641899567E0
1.114857133E1,-2.182461548E-1,-6.071374512E-1,9.638756104E0
1.115858533E1,-2.192939758E-1,-6.191125488E-1,9.640103302E0
1.116859933E1,-2.112107849E-1,-6.102809143E-1,9.637408905E0
1.117861333E1,-2.163002014E-1,-5.957611084E-1,9.618997192E0
1.118862733E1,-2.113604736E-1,-5.957611084E-1,9.612859955E0
1.119864133E1,-2.007325745E-1,-6.038442993E-1,9.617350616E0
1.120865533E1,-2.067201233E-1,-5.986051941E-1,9.623188477E0
1.121866933E1,-2.101629639E-1,-5.992039490E-1,9.635313263E0
1.122868333E1,-2.098635864E-1,-6.059399414E-1,9.639803925E0
1.123869733E1,-2.140548706E-1,-5.989045715E-1,9.639055481E0
1.124871133E1,-2.116598511E-1,-5.984555054E-1,9.627529449E0
1.125872533E1,-2.122586060E-1,-6.069877625E-1,9.638905792E0
1.126873933E1,-2.165995789E-1,-6.027964783E-1,9.637857971E0
1.127875333E1,-2.158511353E-1,-6.038442993E-1,9.614656219E0
1.128876733E1,-2.146536255E-1,-5.959107971E-1,9.628726959E0
1.129878133E1,-2.076182556E-1,-6.042933655E-1,9.630523224E0
1.130879533E1,-2.163002014E-1,-6.056405640E-1,9.619745636E0
1.131880933E1,-2.164498901E-1,-6.090834045E-1,9.631720734E0
1.132882333E1,-2.104623413E-1,-6.080355835E-1,9.643396454E0
1.133883733E1,-2.029779053E-1,-5.935157776E-1,9.626781006E0
1.134885133E1,-2.119592285E-1,-6.030958557E-1,9.617350616E0
1.135886633E1,-2.210902405E-1,-6.015989685E-1,9.625284119E0
1.136888033E1,-2.224374390E-1,-6.048921204E-1,9.624535675E0
1.137889433E1,-2.212399292E-1,-6.056405640E-1,9.627080383E0
1.138890833E1,-2.155517578E-1,-6.074368286E-1,9.640552368E0
1.139892233E1,-2.131567383E-1,-6.063890076E-1,9.628128204E0
1.140893633E1,-2.146536255E-1,-6.126759338E-1,9.630373535E0
1.141895033E1,-2.128573608E-1,-6.180647278E-1,9.634115753E0
1.142896433E1,-2.157014465E-1,-6.101312256E-1,9.640252991E0
1.143897833E1,-2.061213684E-1,-6.086343384E-1,9.630672913E0
1.144899233E1,-2.067201233E-1,-6.010002136E-1,9.618697815E0
1.145900633E1,-2.035766602E-1,-5.983058167E-1,9.620494080E0
1.146902033E1,-2.127076721E-1,-5.936654663E-1,9.624086609E0
1.147903433E1,-2.095642090E-1,-6.039939880E-1,9.628726959E0
1.148904833E1,-2.059716797E-1,-6.036946106E-1,9.621392212E0
1.149906233E1,-2.076182556E-1,-6.053411865E-1,9.626930695E0
1.150907633E1,-2.133064270E-1,-6.099815369E-1,9.638606415E0
1.151909033E1,-2.098635864E-1,-6.084846497E-1,9.645941162E0
1.152910433E1,-2.219883728E-1,-6.068380737E-1,9.646390228E0
1.153911833E1,-2.177970886E-1,-6.020480347E-1,9.643695831E0
1.154913233E1,-2.118095398E-1,-6.077362061E-1,9.632469177E0
1.155914633E1,-2.145039368E-1,-5.981561279E-1,9.626481628E0
1.156916033E1,-2.203417969E-1,-5.948629761E-1,9.624236298E0
1.157917433E1,-2.158511353E-1,-6.041436768E-1,9.623487854E0
1.158918933E1,-2.174977112E-1,-6.041436768E-1,9.629774780E0
1.159920333E1,-2.059716797E-1,-5.953120422E-1,9.641749878E0
1.160921733E1,-2.082170105E-1,-6.017486572E-1,9.634714508E0
1.161923133E1,-2.163002014E-1,-6.068380737E-1,9.632618866E0
1.162924533E1,-2.213896179E-1,-6.065386963E-1,9.636660461E0
1.163925933E1,-2.191442871E-1,-6.063890076E-1,9.630373535E0
1.164927333E1,-2.188449097E-1,-5.995033264E-1,9.630373535E0
1.165928733E1,-2.100132751E-1,-6.116281128E-1,9.623188477E0
1.166930133E1,-2.122586060E-1,-6.068380737E-1,9.624086609E0
1.167931533E1,-2.165995789E-1,-5.974076843E-1,9.622290344E0
1.168932933E1,-2.212399292E-1,-6.021977234E-1,9.629625092E0
1.169934333E1,-2.122586060E-1,-6.092330933E-1,9.639205170E0
1.170935733E1,-2.044747925E-1,-6.039939880E-1,9.640402679E0
1.171937133E1,-2.047741699E-1,-6.047424316E-1,9.636510773E0
1.172938533E1,-2.116598511E-1,-6.110293579E-1,9.638007660E0
1.173939933E1,-2.149530029E-1,-6.044430542E-1,9.616153107E0
1.174941333E1,-2.067201233E-1,-6.035449219E-1,9.613458710E0
1.175942733E1,-2.080673218E-1,-6.123765564E-1,9.629774780E0
1.176944133E1,-2.100132751E-1,-5.992039490E-1,9.627230072E0
1.177945533E1,-2.186952209E-1,-6.018983459E-1,9.626331940E0
1.178946933E1,-2.136058044E-1,-6.057902527E-1,9.645342407E0
1.179948333E1,-2.148033142E-1,-5.900729370E-1,9.630822601E0
1.180949733E1,-2.151026917E-1,-5.923182678E-1,9.623637543E0
1.181951133E1,-2.032772827E-1,-6.017486572E-1,9.643097076E0
1.182952633E1,-2.131567383E-1,-5.990542603E-1,9.627080383E0
1.183954033E1,-2.212399292E-1,-5.998027039E-1,9.598489838E0
1.184955433E1,-2.168989563E-1,-6.011499023E-1,9.616003418E0
1.185956833E1,-2.094145203E-1,-6.045927429E-1,9.629475403E0
1.186958233E1,-2.218386841E-1,-6.063890076E-1,9.622739410E0
1.187959633E1,-2.197430420E-1,-6.159690857E-1,9.639055481E0
1.188961033E1,-2.168989563E-1,-6.143225098E-1,9.639205170E0
1.189962433E1,-2.219883728E-1,-6.113287354E-1,9.624685364E0
1.190963833E1,-2.131567383E-1,-6.036946106E-1,9.631121979E0
1.191965233E1,-2.186952209E-1,-6.030958557E-1,9.627379761E0
1.192966633E1,-2.209405518E-1,-6.054908752E-1,9.617051239E0
1.193968033E1,-2.118095398E-1,-5.968089294E-1,9.619595947E0
1.194969433E1,-2.047741699E-1,-5.891748047E-1,9.624236298E0
1.195970833E1,-2.104623413E-1,-5.962101746E-1,9.627529449E0
1.196972233E1,-2.177970886E-1,-6.050418091E-1,9.632768555E0
1.197973633E1,-2.127076721E-1,-6.095324707E-1,9.651629333E0
1.198975033E1,-2.227368164E-1,-6.089337158E-1,9.622440033E0
1.199976433E1,-2.149530029E-1,-6.081852722E-1,9.629924469E0
1.200977833E1,-2.110610962E-1,-6.072871399E-1,9.637708282E0
1.201979233E1,-2.170486450E-1,-6.096821594E-1,9.616452484E0
1.202980633E1,-2.083666992E-1,-6.002517700E-1,9.610614624E0
1.203982033E1,-2.067201233E-1,-6.018983459E-1,9.624236298E0
1.204983433E1,-2.198927307E-1,-6.056405640E-1,9.621841278E0
1.205984933E1,-2.158511353E-1,-5.971083069E-1,9.610315247E0
1.206986333E1,-2.183958435E-1,-6.071374512E-1,9.634714508E0
1.207987733E1,-2.058219910E-1,-6.053411865E-1,9.637109528E0
1.208989133E1,-2.168989563E-1,-6.004014587E-1,9.634265442E0
1.209990533E1,-2.151026917E-1,-6.050418091E-1,9.649234314E0
1.210991933E1,-2.185455322E-1,-6.114784241E-1,9.623787231E0
1.211993333E1,-2.145039368E-1,-6.039939880E-1,9.607022095E0
1.212994733E1,-2.031275940E-1,-5.939648438E-1,9.614955597E0
1.213996133E1,-2.077679443E-1,-5.963598633E-1,9.618398438E0
1.214997533E1,-2.092648315E-1,-5.995033264E-1,9.633666687E0
1.215998933E1,-2.186952209E-1,-6.050418091E-1,9.636211395E0
1.217000333E1,-2.065704346E-1,-6.086343384E-1,9.640851746E0
1.218001733E1,-2.086660767E-1,-6.087840271E-1,9.637109528E0
1.219003133E1,-2.077679443E-1,-6.002517700E-1,9.627230072E0
1.220004533E1,-2.104623413E-1,-6.068380737E-1,9.626032562E0
1.221005933E1,-2.194436646E-1,-6.060896301E-1,9.622290344E0
1.222007363E1,-2.116598511E-1,-5.983058167E-1,9.619146881E0
1.223008763E1,-2.065704346E-1,-6.096821594E-1,9.617649994E0
1.224010163E1,-2.122586060E-1,-5.953120422E-1,9.607620850E0
1.225011563E1,-2.103126526E-1,-6.114784241E-1,9.633367310E0
1.226012963E1,-2.206411743E-1,-6.198609924E-1,9.643396454E0
1.227014363E1,-2.170486450E-1,-6.132746887E-1,9.634265442E0
1.228015763E1,-2.177970886E-1,-6.101312256E-1,9.640402679E0
1.229017263E1,-2.173480225E-1,-6.102809143E-1,9.632169800E0
1.230018663E1,-2.091151428E-1,-6.114784241E-1,9.625583496E0
1.231020063E1,-2.112107849E-1,-5.977070618E-1,9.617949371E0
1.232021463E1,-2.119592285E-1,-5.960604858E-1,9.611363068E0
1.233022863E1,-2.182461548E-1,-6.023474121E-1,9.628427582E0
1.234024263E1,-2.233355713E-1,-6.065386963E-1,9.642198944E0
1.235025663E1,-2.221380615E-1,-6.081852722E-1,9.638307037E0
1.236027063E1,-2.137554932E-1,-6.053411865E-1,9.634415131E0
1.237028463E1,-2.038760376E-1,-6.095324707E-1,9.633516998E0
1.238029863E1,-2.134561157E-1,-6.195616150E-1,9.633367310E0
1.239031263E1,-2.167492676E-1,-6.102809143E-1,9.609866180E0
1.240032663E1,-2.070195007E-1,-6.135740662E-1,9.612111511E0
1.241034063E1,-2.043251038E-1,-6.007008362E-1,9.608069916E0
1.242035463E1,-2.155517578E-1,-6.068380737E-1,9.613309021E0
1.243036863E1,-2.082170105E-1,-6.165678406E-1,9.632169800E0
1.244038263E1,-2.085163879E-1,-6.092330933E-1,9.652228088E0
1.245039663E1,-2.282752991E-1,-6.045927429E-1,9.629774780E0
1.246041063E1,-2.191442871E-1,-6.081852722E-1,9.636061707E0
1.247042463E1,-1.989363098E-1,-6.093827820E-1,9.655072174E0
1.248043863E1,-2.154020691E-1,-6.041436768E-1,9.608818359E0
1.249045263E1,-2.186952209E-1,-5.996530151E-1,9.599088593E0
1.250046663E1,-2.034269714E-1,-6.069877625E-1,9.636361084E0
1.251048163E1,-2.157014465E-1,-6.074368286E-1,9.627230072E0
1.252049563E1,-2.173480225E-1,-6.023474121E-1,9.614207153E0
1.253050963E1,-1.992356873E-1,-6.173162842E-1,9.651779022E0
1.254052363E1,-2.176473999E-1,-6.156697083E-1,9.644294586E0
1.255053763E1,-2.306703186E-1,-6.176156616E-1,9.621242523E0
1.256055163E1,-2.082170105E-1,-6.131250000E-1,9.657018127E0
1.257056563E1,-2.134561157E-1,-6.014492798E-1,9.631870422E0
1.258057963E1,-2.243833923E-1,-5.966592407E-1,9.595496063E0
1.259059363E1,-2.043251038E-1,-6.020480347E-1,9.628577271E0
1.260060763E1,-2.046244812E-1,-6.078858948E-1,9.642947388E0
1.261062163E1,-2.203417969E-1,-5.929170227E-1,9.618548126E0
1.262063563E1,-2.151026917E-1,-6.054908752E-1,9.619745636E0
1.263064963E1,-2.043251038E-1,-6.060896301E-1,9.642947388E0
1.264066363E1,-2.192939758E-1,-6.014492798E-1,9.618548126E0
1.265067763E1,-2.204914856E-1,-6.090834045E-1,9.624236298E0
1.266069163E1,-2.065704346E-1,-6.114784241E-1,9.631121979E0
1.267070563E1,-2.143542480E-1,-6.001020813E-1,9.608369293E0
1.268071963E1,-2.177970886E-1,-6.059399414E-1,9.618099060E0
1.269073363E1,-2.029779053E-1,-6.059399414E-1,9.641749878E0
1.270074763E1,-2.165995789E-1,-6.039939880E-1,9.616003418E0
1.271076263E1,-2.173480225E-1,-6.051914978E-1,9.619296570E0
1.272077663E1,-1.965412903E-1,-6.063890076E-1,9.643396454E0
1.273079063E1,-2.062710571E-1,-6.081852722E-1,9.639953613E0
1.274080463E1,-2.168989563E-1,-6.156697083E-1,9.613009644E0
1.275081863E1,-2.119592285E-1,-6.047424316E-1,9.641001434E0
1.276083263E1,-2.218386841E-1,-6.047424316E-1,9.627379761E0
1.277084663E1,-2.260299683E-1,-6.018983459E-1,9.604926453E0
1.278086063E1,-2.074685669E-1,-5.953120422E-1,9.642947388E0
1.279087463E1,-2.224374390E-1,-6.129753113E-1,9.632918243E0
1.280088863E1,-2.281256104E-1,-6.147715759E-1,9.624236298E0
1.281090263E1,-2.157014465E-1,-6.081852722E-1,9.651928711E0
1.282091663E1,-2.098635864E-1,-6.089337158E-1,9.631421356E0
1.283093063E1,-2.219883728E-1,-6.089337158E-1,9.633067932E0
1.284094463E1,-2.118095398E-1,-6.044430542E-1,9.639354858E0
1.285095863E1,-2.073188782E-1,-5.984555054E-1,9.631870422E0
1.286097262E1,-2.234852600E-1,-6.026467896E-1,9.611213379E0
1.287098663E1,-2.092648315E-1,-6.026467896E-1,9.613159332E0
1.288100063E1,-2.088157654E-1,-6.010002136E-1,9.628277893E0
1.289101463E1,-2.183958435E-1,-6.125262451E-1,9.616452484E0
1.290102863E1,-2.136058044E-1,-6.095324707E-1,9.633217621E0
1.291104263E1,-2.122586060E-1,-6.065386963E-1,9.641450500E0
1.292105763E1,-2.201921082E-1,-6.069877625E-1,9.623038788E0
1.293107163E1,-2.140548706E-1,-6.048921204E-1,9.617649994E0
1.294108563E1,-2.113604736E-1,-6.104306030E-1,9.642049255E0
1.295109963E1,-2.118095398E-1,-6.041436768E-1,9.620344391E0
1.296111363E1,-2.188449097E-1,-5.974076843E-1,9.613907776E0
1.297112763E1,-2.203417969E-1,-5.962101746E-1,9.626631317E0
1.298114163E1,-2.058219910E-1,-6.002517700E-1,9.639803925E0
1.299115563E1,-2.167492676E-1,-6.035449219E-1,9.625733185E0
1.300116963E1,-2.098635864E-1,-6.072871399E-1,9.631271667E0
1.301118362E1,-2.101629639E-1,-6.027964783E-1,9.640103302E0
1.302119762E1,-2.221380615E-1,-6.032455444E-1,9.624086609E0
1.303121163E1,-2.170486450E-1,-6.138734436E-1,9.630523224E0
1.304122563E1,-1.877096558E-1,-6.141728210E-1,9.637408905E0
1.305123963E1,-2.038760376E-1,-5.968089294E-1,9.608069916E0
1.306125363E1,-2.285746765E-1,-5.908213806E-1,9.610015869E0
1.307126763E1,-1.992356873E-1,-6.204597473E-1,9.663454742E0
1.308128163E1,-1.992356873E-1,-6.135740662E-1,9.638756104E0
1.309129563E1,-2.350112915E-1,-5.939648438E-1,9.577234039E0
1.310130963E1,-2.209405518E-1,-6.117778015E-1,9.645641785E0
1.311132463E1,-1.936972046E-1,-6.156697083E-1,9.664502563E0
1.312133863E1,-2.329156494E-1,-6.014492798E-1,9.593400421E0
1.313135263E1,-2.122586060E-1,-5.968089294E-1,9.604477386E0
1.314136663E1,-1.863624573E-1,-6.054908752E-1,9.660610657E0
1.315138063E1,-2.179467773E-1,-6.027964783E-1,9.603279877E0
1.316139462E1,-2.273771667E-1,-6.032455444E-1,9.612111511E0
1.317140862E1,-1.868115234E-1,-6.057902527E-1,9.667646027E0
1.318142263E1,-2.122586060E-1,-6.050418091E-1,9.625882874E0
1.319143663E1,-2.290237427E-1,-6.054908752E-1,9.599537659E0
1.320145063E1,-1.938468933E-1,-6.057902527E-1,9.655970306E0
1.321146463E1,-2.031275940E-1,-6.143225098E-1,9.634714508E0
1.322147808E1,-2.276765442E-1,-5.924679565E-1,9.589957581E0
1.323149208E1,-2.074685669E-1,-6.032455444E-1,9.637708282E0
1.324150608E1,-1.969903564E-1,-6.071374512E-1,9.646839294E0
1.325152008E1,-2.314187622E-1,-5.957611084E-1,9.585766296E0
1.326153408E1,-2.113604736E-1,-6.099815369E-1,9.629475403E0
1.327154808E1,-1.936972046E-1,-6.111790466E-1,9.656269684E0
1.328156208E1,-2.261796570E-1,-5.968089294E-1,9.606273651E0
1.329157708E1,-2.174977112E-1,-6.078858948E-1,9.622140656E0
1.330159108E1,-1.947450256E-1,-6.210585022E-1,9.662855988E0
1.331160508E1,-2.230361938E-1,-6.092330933E-1,9.613159332E0
1.332161908E1,-2.233355713E-1,-5.969586182E-1,9.616452484E0
1.333163308E1,-1.877096558E-1,-6.153703308E-1,9.657467194E0
1.334164708E1,-2.151026917E-1,-6.014492798E-1,9.621392212E0
1.335166108E1,-2.170486450E-1,-5.960604858E-1,9.599537659E0
1.336167508E1,-2.043251038E-1,-6.004014587E-1,9.647288361E0
1.337168908E1,-2.137554932E-1,-5.993536377E-1,9.626331940E0
1.338170308E1,-2.267784119E-1,-5.998027039E-1,9.605525208E0
1.339171708E1,-2.007325745E-1,-6.071374512E-1,9.641749878E0
1.340173108E1,-2.125579834E-1,-6.092330933E-1,9.643396454E0
1.341174508E1,-2.200424194E-1,-6.093827820E-1,9.598489838E0
1.342175908E1,-2.086660767E-1,-6.023474121E-1,9.630672913E0
1.343177308E1,-2.056723022E-1,-6.195616150E-1,9.639354858E0
1.344178708E1,-2.236349487E-1,-6.050418091E-1,9.608818359E0
1.345180108E1,-2.103126526E-1,-5.984555054E-1,9.630523224E0
1.346181608E1,-2.115101624E-1,-6.045927429E-1,9.636510773E0
1.347183008E1,-2.179467773E-1,-6.111790466E-1,9.629026337E0
1.348184408E1,-2.103126526E-1,-6.107299805E-1,9.634415131E0
1.349185808E1,-2.062710571E-1,-6.111790466E-1,9.641450500E0
1.350187208E1,-2.124082947E-1,-6.095324707E-1,9.633067932E0
1.351188608E1,-2.186952209E-1,-6.050418091E-1,9.619446259E0
1.352190008E1,-2.151026917E-1,-6.096821594E-1,9.632768555E0
1.353191408E1,-2.170486450E-1,-6.105802917E-1,9.630223846E0
1.354192808E1,-2.098635864E-1,-6.005511475E-1,9.620943146E0
1.355194208E1,-2.106120300E-1,-6.081852722E-1,9.639953613E0
1.356195608E1,-2.103126526E-1,-6.068380737E-1,9.636361084E0
1.357197008E1,-2.171983337E-1,-6.072871399E-1,9.631870422E0
1.358198408E1,-2.106120300E-1,-5.999523926E-1,9.626930695E0
1.359199808E1,-2.149530029E-1,-6.068380737E-1,9.629924469E0
1.360201208E1,-2.116598511E-1,-6.007008362E-1,9.624385986E0
1.361202608E1,-2.005828857E-1,-6.014492798E-1,9.611512756E0
1.362204108E1,-2.061213684E-1,-6.030958557E-1,9.623338165E0
1.363205508E1,-2.116598511E-1,-6.035449219E-1,9.637109528E0
1.364206908E1,-2.050735474E-1,-6.023474121E-1,9.636959839E0
1.365208308E1,-2.168989563E-1,-5.983058167E-1,9.623637543E0
1.366209708E1,-2.237846375E-1,-6.078858948E-1,9.632618866E0
1.367211108E1,-2.037263489E-1,-6.164181519E-1,9.639354858E0
1.368212508E1,-2.149530029E-1,-6.057902527E-1,9.620643768E0
1.369213908E1,-2.212399292E-1,-6.032455444E-1,9.608668671E0
1.370215308E1,-2.076182556E-1,-6.050418091E-1,9.646539917E0
1.371216708E1,-2.176473999E-1,-6.066883850E-1,9.629774780E0
1.372218108E1,-2.261796570E-1,-6.032455444E-1,9.601184235E0
1.373219508E1,-2.017803955E-1,-5.917195129E-1,9.631271667E0
1.374220908E1,-2.038760376E-1,-6.044430542E-1,9.640402679E0
1.375222308E1,-2.127076721E-1,-6.090834045E-1,9.611812134E0
1.376223708E1,-2.082170105E-1,-6.072871399E-1,9.634564819E0
1.377225108E1,-2.049238586E-1,-6.123765564E-1,9.637259216E0
1.378226508E1,-2.192939758E-1,-6.029461670E-1,9.615554352E0
1.379227908E1,-2.198927307E-1,-6.120771790E-1,9.620943146E0
1.380229408E1,-2.037263489E-1,-6.110293579E-1,9.651928711E0
1.381230808E1,-2.273771667E-1,-6.111790466E-1,9.629625092E0
1.382232208E1,-2.254312134E-1,-6.135740662E-1,9.613009644E0
1.383233608E1,-2.034269714E-1,-6.062393188E-1,9.655371552E0
1.384235008E1,-2.165995789E-1,-6.072871399E-1,9.624685364E0
1.385236408E1,-2.242337036E-1,-5.999523926E-1,9.597591705E0
1.386237808E1,-2.068698120E-1,-6.111790466E-1,9.645043030E0
1.387239208E1,-2.189945984E-1,-6.177653503E-1,9.630074158E0
1.388240608E1,-2.177970886E-1,-6.004014587E-1,9.611063690E0
1.389242008E1,-1.995350647E-1,-6.074368286E-1,9.642797699E0
1.390243408E1,-2.098635864E-1,-6.081852722E-1,9.643246765E0
1.391244808E1,-2.240840149E-1,-6.007008362E-1,9.619446259E0
1.392246208E1,-2.032772827E-1,-6.057902527E-1,9.636959839E0
1.393247608E1,-2.043251038E-1,-6.078858948E-1,9.651329956E0
1.394249008E1,-2.300715637E-1,-6.095324707E-1,9.617799683E0
1.395250408E1,-2.139051819E-1,-6.039939880E-1,9.625583496E0
1.396251908E1,-2.023791504E-1,-6.179150391E-1,9.645791473E0
1.397253308E1,-2.192939758E-1,-6.059399414E-1,9.611213379E0
1.398254708E1,-2.089654541E-1,-5.947132874E-1,9.630523224E0
1.399256108E1,-2.013313293E-1,-5.998027039E-1,9.631870422E0
1.400257508E1,-2.098635864E-1,-5.972579956E-1,9.608369293E0
1.401258908E1,-2.092648315E-1,-6.007008362E-1,9.622140656E0
1.402260308E1,-2.079176331E-1,-6.105802917E-1,9.642348633E0
1.403261708E1,-2.124082947E-1,-6.069877625E-1,9.620643768E0
1.404263108E1,-2.192939758E-1,-6.093827820E-1,9.603279877E0
1.405264508E1,-2.115101624E-1,-6.024971008E-1,9.638756104E0
1.406265908E1,-2.152523804E-1,-6.216572571E-1,9.633217621E0
1.407267308E1,-2.261796570E-1,-6.147715759E-1,9.619296570E0
1.408268708E1,-2.215393066E-1,-6.047424316E-1,9.629774780E0
1.409270108E1,-2.046244812E-1,-6.038442993E-1,9.622889099E0
1.410271508E1,-2.097138977E-1,-6.023474121E-1,9.623038788E0
1.411273008E1,-2.154020691E-1,-6.010002136E-1,9.631421356E0
1.412274408E1,-2.158511353E-1,-6.001020813E-1,9.631571045E0
1.413275808E1,-2.143542480E-1,-6.030958557E-1,9.623787231E0
1.414277208E1,-2.085163879E-1,-6.026467896E-1,9.626481628E0
1.415278608E1,-2.023791504E-1,-6.069877625E-1,9.630523224E0
1.416280008E1,-2.130070496E-1,-6.089337158E-1,9.629924469E0
1.417281408E1,-2.297721863E-1,-6.072871399E-1,9.612859955E0
1.418282808E1,-2.026785278E-1,-6.084846497E-1,9.634415131E0
1.419284208E1,-2.079176331E-1,-6.080355835E-1,9.623487854E0
1.420285608E1,-2.133064270E-1,-6.071374512E-1,9.627529449E0
1.421287008E1,-2.140548706E-1,-6.120771790E-1,9.634115753E0
1.422288396E1,-2.065704346E-1,-6.021977234E-1,9.631121979E0
1.423289796E1,-2.073188782E-1,-6.050418091E-1,9.615704041E0
1.424291196E1,-2.134561157E-1,-5.977070618E-1,9.623637543E0
1.425292596E1,-2.149530029E-1,-6.077362061E-1,9.631271667E0
1.426293996E1,-2.158511353E-1,-6.047424316E-1,9.629176025E0
1.427295496E1,-2.124082947E-1,-6.111790466E-1,9.628577271E0
1.428296896E1,-2.170486450E-1,-6.065386963E-1,9.642648010E0
1.429298296E1,-2.122586060E-1,-6.146218872E-1,9.629026337E0
1.430299696E1,-2.149530029E-1,-6.183641052E-1,9.625134430E0
1.431301096E1,-2.173480225E-1,-6.101312256E-1,9.627978516E0
1.432302496E1,-2.163002014E-1,-6.098318481E-1,9.623487854E0
1.433303896E1,-2.140548706E-1,-6.012995911E-1,9.621092834E0
1.434305296E1,-2.055226135E-1,-5.981561279E-1,9.621990967E0
1.435306696E1,-2.167492676E-1,-6.066883850E-1,9.629026337E0
1.436308096E1,-2.146536255E-1,-5.969586182E-1,9.623787231E0
1.437309496E1,-2.179467773E-1,-6.108796692E-1,9.630223846E0
1.438310896E1,-2.107617188E-1,-6.047424316E-1,9.630822601E0
1.439312296E1,-2.079176331E-1,-6.132746887E-1,9.618697815E0
1.440313696E1,-2.062710571E-1,-5.983058167E-1,9.626631317E0
1.441315096E1,-2.080673218E-1,-5.953120422E-1,9.633966064E0
1.442316496E1,-2.115101624E-1,-6.072871399E-1,9.627379761E0
1.443317996E1,-2.098635864E-1,-6.038442993E-1,9.612859955E0
1.444319396E1,-2.067201233E-1,-6.033952332E-1,9.617649994E0
1.445320796E1,-2.091151428E-1,-5.903723145E-1,9.635163574E0
1.446322196E1,-2.171983337E-1,-6.086343384E-1,9.628726959E0
1.447323596E1,-2.195933533E-1,-6.140231323E-1,9.626631317E0
1.448324996E1,-2.207908630E-1,-6.141728210E-1,9.637259216E0
1.449326396E1,-2.127076721E-1,-6.155200195E-1,9.630822601E0
1.450327796E1,-2.115101624E-1,-6.113287354E-1,9.629026337E0
1.451329196E1,-2.068698120E-1,-6.004014587E-1,9.633666687E0
1.452330596E1,-2.055226135E-1,-5.977070618E-1,9.629475403E0
1.453331996E1,-2.086660767E-1,-6.059399414E-1,9.627529449E0
1.454333396E1,-2.180964661E-1,-6.122268677E-1,9.608369293E0
1.455334796E1,-2.151026917E-1,-6.084846497E-1,9.633666687E0
1.456336196E1,-2.119592285E-1,-6.069877625E-1,9.632169800E0
1.457337596E1,-2.128573608E-1,-6.014492798E-1,9.631121979E0
1.458339096E1,-2.016307068E-1,-5.996530151E-1,9.641749878E0
1.459340496E1,-2.046244812E-1,-6.108796692E-1,9.622589722E0
1.460341896E1,-2.174977112E-1,-5.981561279E-1,9.620194702E0
1.461343296E1,-2.125579834E-1,-6.051914978E-1,9.629475403E0
1.462344696E1,-2.107617188E-1,-6.035449219E-1,9.639504547E0
1.463346096E1,-2.161505127E-1,-6.077362061E-1,9.622589722E0
1.464347496E1,-2.143542480E-1,-6.135740662E-1,9.631121979E0
1.465348896E1,-2.130070496E-1,-6.033952332E-1,9.645192719E0
1.466350296E1,-2.194436646E-1,-6.105802917E-1,9.626182251E0
1.467351696E1,-2.209405518E-1,-6.095324707E-1,9.617500305E0
1.468353096E1,-2.083666992E-1,-6.090834045E-1,9.625882874E0
1.469354496E1,-1.996847534E-1,-6.081852722E-1,9.627230072E0
1.470355896E1,-2.025288391E-1,-6.026467896E-1,9.610464935E0
1.471357296E1,-2.074685669E-1,-6.083349609E-1,9.631870422E0
1.472358796E1,-2.145039368E-1,-6.104306030E-1,9.641450500E0
1.473360196E1,-2.171983337E-1,-6.060896301E-1,9.629625092E0
1.474361596E1,-2.155517578E-1,-6.068380737E-1,9.639654236E0
1.475362996E1,-2.171983337E-1,-6.104306030E-1,9.632319489E0
1.476364396E1,-2.224374390E-1,-6.131250000E-1,9.631870422E0
1.477365796E1,-2.128573608E-1,-6.048921204E-1,9.627379761E0
1.478367196E1,-2.071691895E-1,-6.007008362E-1,9.633217621E0
1.479368596E1,-2.134561157E-1,-5.999523926E-1,9.622140656E0
1.480369996E1,-2.118095398E-1,-6.024971008E-1,9.619745636E0
1.481371396E1,-2.215393066E-1,-6.047424316E-1,9.636510773E0
1.482372796E1,-2.097138977E-1,-6.029461670E-1,9.627828827E0
1.483374196E1,-2.100132751E-1,-6.047424316E-1,9.638456726E0
1.484375596E1,-2.110610962E-1,-6.021977234E-1,9.632768555E0
1.485376996E1,-2.116598511E-1,-6.041436768E-1,9.626631317E0
1.486378396E1,-2.058219910E-1,-6.099815369E-1,9.619745636E0
1.487379896E1,-2.198927307E-1,-6.116281128E-1,9.620793457E0
1.488381296E1,-2.134561157E-1,-6.104306030E-1,9.620344391E0
1.489382696E1,-2.139051819E-1,-6.051914978E-1,9.628128204E0
1.490384096E1,-2.115101624E-1,-6.179150391E-1,9.625433807E0
1.491385496E1,-2.092648315E-1,-6.026467896E-1,9.633816376E0
1.492386896E1,-2.031275940E-1,-6.062393188E-1,9.631571045E0
1.493388296E1,-2.065704346E-1,-6.057902527E-1,9.624086609E0
1.494389696E1,-2.085163879E-1,-6.056405640E-1,9.626481628E0
1.495391096E1,-2.136058044E-1,-6.041436768E-1,9.627978516E0
1.496392496E1,-2.119592285E-1,-6.020480347E-1,9.614656219E0
1.497393896E1,-2.155517578E-1,-6.068380737E-1,9.633666687E0
1.498395296E1,-2.085163879E-1,-6.068380737E-1,9.649234314E0
1.499396696E1,-2.085163879E-1,-6.095324707E-1,9.634564819E0
1.500398096E1,-2.154020691E-1,-6.087840271E-1,9.635163574E0
1.501399496E1,-2.121089172E-1,-6.111790466E-1,9.638157349E0
1.502400996E1,-2.137554932E-1,-6.116281128E-1,9.625733185E0
1.503402396E1,-2.113604736E-1,-6.081852722E-1,9.624236298E0
1.504403796E1,-2.011816406E-1,-6.143225098E-1,9.630373535E0
1.505405196E1,-2.098635864E-1,-6.075865173E-1,9.619745636E0
1.506406596E1,-2.142045593E-1,-5.999523926E-1,9.634415131E0
1.507407996E1,-2.200424194E-1,-6.155200195E-1,9.639654236E0
1.508409396E1,-2.115101624E-1,-6.038442993E-1,9.637857971E0
1.509410796E1,-2.112107849E-1,-6.036946106E-1,9.621691589E0
1.510412196E1,-2.052232361E-1,-5.977070618E-1,9.629176025E0
1.511413596E1,-2.064207458E-1,-6.054908752E-1,9.622290344E0
1.512414996E1,-2.231858826E-1,-6.089337158E-1,9.617799683E0
1.513416396E1,-2.112107849E-1,-5.998027039E-1,9.632020111E0
1.514417796E1,-2.062710571E-1,-6.050418091E-1,9.633217621E0
1.515419196E1,-2.092648315E-1,-6.039939880E-1,9.627978516E0
1.516420696E1,-2.035766602E-1,-6.039939880E-1,9.626182251E0
1.517422096E1,-2.127076721E-1,-6.141728210E-1,9.619146881E0
1.518423496E1,-2.195933533E-1,-6.023474121E-1,9.636361084E0
1.519424896E1,-2.107617188E-1,-5.980064392E-1,9.641001434E0
1.520426296E1,-2.112107849E-1,-6.129753113E-1,9.638606415E0
1.521427696E1,-2.112107849E-1,-6.026467896E-1,9.616751862E0
1.522429100E1,-2.043251038E-1,-6.057902527E-1,9.626781006E0
1.523430500E1,-2.080673218E-1,-6.102809143E-1,9.627828827E0
1.524431900E1,-2.171983337E-1,-6.093827820E-1,9.618697815E0
1.525433300E1,-2.104623413E-1,-6.039939880E-1,9.624086609E0
1.526434700E1,-2.119592285E-1,-6.029461670E-1,9.635762329E0
1.527436100E1,-2.125579834E-1,-6.105802917E-1,9.622889099E0
1.528437500E1,-2.089654541E-1,-6.074368286E-1,9.626481628E0
1.529438900E1,-2.119592285E-1,-6.018983459E-1,9.634564819E0
1.530440400E1,-2.092648315E-1,-6.072871399E-1,9.617500305E0
1.531441800E1,-2.013313293E-1,-6.036946106E-1,9.619745636E0
1.532443200E1,-2.056723022E-1,-5.995033264E-1,9.638007660E0
1.533444600E1,-2.170486450E-1,-6.113287354E-1,9.627080383E0
1.534446000E1,-2.173480225E-1,-6.050418091E-1,9.626930695E0
1.535447400E1,-2.192939758E-1,-6.089337158E-1,9.626032562E0
1.536448800E1,-2.233355713E-1,-6.138734436E-1,9.632020111E0
1.537450200E1,-2.213896179E-1,-6.038442993E-1,9.631571045E0
1.538451600E1,-2.206411743E-1,-6.057902527E-1,9.632768555E0
1.539453000E1,-2.154020691E-1,-6.162684631E-1,9.622290344E0
1.540454400E1,-2.065704346E-1,-6.117778015E-1,9.622440033E0
1.541455800E1,-2.116598511E-1,-6.039939880E-1,9.625433807E0
1.542457200E1,-2.171983337E-1,-6.039939880E-1,9.616302795E0
1.543458600E1,-2.091151428E-1,-6.018983459E-1,9.635013885E0
1.544460100E1,-2.067201233E-1,-6.200106812E-1,9.634265442E0
1.545461500E1,-2.207908630E-1,-6.120771790E-1,9.646988983E0
1.546462900E1,-2.171983337E-1,-6.167175293E-1,9.649533691E0
1.547464300E1,-2.107617188E-1,-6.105802917E-1,9.640402679E0
1.548465700E1,-2.116598511E-1,-6.150709534E-1,9.634564819E0
1.549467100E1,-2.121089172E-1,-6.063890076E-1,9.632469177E0
1.550468500E1,-2.029779053E-1,-6.007008362E-1,9.639354858E0
1.551469900E1,-2.236349487E-1,-5.918692017E-1,9.621392212E0
1.552471300E1,-2.234852600E-1,-6.087840271E-1,9.629924469E0
1.553472700E1,-1.923500061E-1,-6.036946106E-1,9.635462952E0
1.554474100E1,-2.127076721E-1,-5.716612244E-1,9.580527191E0
1.555475500E1,-2.100132751E-1,-5.803431702E-1,9.595196686E0
1.556476900E1,-1.853146362E-1,-5.917195129E-1,9.622440033E0
1.557478300E1,-2.209405518E-1,-5.885760498E-1,9.593400421E0
1.558479800E1,-2.221380615E-1,-5.959107971E-1,9.599537659E0
1.559481200E1,-1.995350647E-1,-6.087840271E-1,9.643995209E0
1.560482600E1,-2.154020691E-1,-5.884263611E-1,9.630223846E0
1.561484000E1,-2.243833923E-1,-5.972579956E-1,9.632169800E0
1.562485400E1,-2.104623413E-1,-6.119274902E-1,9.670939178E0
1.563486800E1,-2.118095398E-1,-6.008505249E-1,9.653126221E0
1.564488200E1,-2.209405518E-1,-6.047424316E-1,9.610914001E0
1.565489600E1,-1.953437805E-1,-5.944139099E-1,9.620344391E0
1.566491000E1,-2.029779053E-1,-5.879772949E-1,9.599537659E0
1.567492400E1,-2.163002014E-1,-5.887257385E-1,9.584419098E0
1.568493800E1,-2.050735474E-1,-5.998027039E-1,9.622140656E0
1.569495200E1,-2.101629639E-1,-6.035449219E-1,9.640402679E0
1.570496600E1,-2.303709412E-1,-6.057902527E-1,9.641600189E0
1.571498000E1,-2.192939758E-1,-6.218069458E-1,9.667945404E0
1.572499500E1,-2.116598511E-1,-6.087840271E-1,9.668544159E0
1.573500900E1,-2.197430420E-1,-6.125262451E-1,9.631720734E0
1.574502300E1,-2.053729248E-1,-6.072871399E-1,9.613608398E0
1.575503700E1,-2.043251038E-1,-5.902226257E-1,9.592352600E0
1.576505100E1,-2.154020691E-1,-5.998027039E-1,9.596394196E0
1.577506500E1,-2.104623413E-1,-6.011499023E-1,9.618548126E0
1.578507900E1,-2.154020691E-1,-6.150709534E-1,9.634714508E0
1.579509300E1,-2.264790344E-1,-6.089337158E-1,9.651479645E0
1.580510700E1,-2.146536255E-1,-6.104306030E-1,9.662556610E0
1.581512100E1,-2.056723022E-1,-6.134243774E-1,9.655521240E0
1.582513500E1,-2.109114075E-1,-5.971083069E-1,9.633067932E0
1.583514900E1,-2.089654541E-1,-5.983058167E-1,9.606573029E0
1.584516300E1,-2.068698120E-1,-5.938151550E-1,9.598190460E0
1.585517800E1,-1.889071655E-1,-5.953120422E-1,9.586963806E0
1.586519200E1,-1.936972046E-1,-5.745053101E-1,9.583820343E0
1.587520600E1,-2.079176331E-1,-5.971083069E-1,9.625882874E0
1.588522000E1,-1.965412903E-1,-6.102809143E-1,9.645641785E0
1.589523400E1,-1.980381775E-1,-6.014492798E-1,9.643097076E0
1.590524800E1,-2.182461548E-1,-6.083349609E-1,9.646689606E0
1.591526200E1,-2.236349487E-1,-6.191125488E-1,9.643246765E0
1.592527600E1,-2.224374390E-1,-6.143225098E-1,9.636959839E0
1.593529000E1,-2.171983337E-1,-5.983058167E-1,9.610464935E0
1.594530400E1,-2.091151428E-1,-6.035449219E-1,9.594897308E0
1.595531800E1,-2.013313293E-1,-5.999523926E-1,9.619895325E0
1.596533200E1,-2.134561157E-1,-6.101312256E-1,9.629176025E0
1.597534600E1,-2.180964661E-1,-6.078858948E-1,9.630074158E0
1.598536000E1,-2.198927307E-1,-6.150709534E-1,9.638456726E0
1.599537500E1,-2.363584900E-1,-6.167175293E-1,9.628876648E0
1.600538900E1,-2.320175171E-1,-6.044430542E-1,9.627978516E0
1.601540300E1,-2.059716797E-1,-6.087840271E-1,9.635163574E0
1.602541700E1,-1.996847534E-1,-6.018983459E-1,9.637708282E0
1.603543100E1,-2.100132751E-1,-6.004014587E-1,9.634265442E0
1.604544500E1,-2.043251038E-1,-6.107299805E-1,9.625134430E0
1.605545900E1,-2.104623413E-1,-6.054908752E-1,9.630223846E0
1.606547300E1,-2.164498901E-1,-6.010002136E-1,9.622589722E0
1.607548700E1,-2.142045593E-1,-6.116281128E-1,9.623338165E0
1.608550100E1,-2.088157654E-1,-6.078858948E-1,9.633516998E0
1.609551500E1,-2.186952209E-1,-6.065386963E-1,9.622440033E0
1.610552900E1,-2.146536255E-1,-6.096821594E-1,9.628427582E0
1.611554300E1,-2.116598511E-1,-6.059399414E-1,9.638756104E0
1.612555700E1,-2.031275940E-1,-6.060896301E-1,9.631271667E0
1.613557200E1,-2.046244812E-1,-6.024971008E-1,9.609566803E0
1.614558600E1,-2.101629639E-1,-5.933660889E-1,9.617200928E0
1.615560000E1,-2.106120300E-1,-6.065386963E-1,9.618099060E0
1.616561400E1,-2.158511353E-1,-6.054908752E-1,9.614506531E0
1.617562800E1,-2.068698120E-1,-6.102809143E-1,9.643396454E0
1.618564200E1,-2.082170105E-1,-6.159690857E-1,9.645492096E0
1.619565600E1,-2.194436646E-1,-6.152206421E-1,9.633666687E0
1.620567000E1,-2.101629639E-1,-6.113287354E-1,9.633516998E0
1.621568550E1,-2.070195007E-1,-6.081852722E-1,9.641749878E0
1.622569950E1,-2.252815247E-1,-5.996530151E-1,9.619146881E0
1.623571350E1,-2.067201233E-1,-6.041436768E-1,9.617799683E0
1.624572750E1,-2.067201233E-1,-6.060896301E-1,9.628128204E0
1.625574150E1,-2.130070496E-1,-6.093827820E-1,9.597591705E0
1.626575650E1,-2.068698120E-1,-6.011499023E-1,9.632618866E0
1.627577050E1,-1.954934692E-1,-6.096821594E-1,9.657467194E0
1.628578450E1,-2.023791504E-1,-6.138734436E-1,9.646240540E0
1.629579850E1,-2.228865051E-1,-6.104306030E-1,9.663454742E0
1.630581250E1,-2.341131592E-1,-6.249504089E-1,9.657317505E0
1.631582650E1,-2.255809021E-1,-6.102809143E-1,9.611213379E0