"Time (s)","X (rad/s)","Y (rad/s)","Z (rad/s)"
4.300095834E-2,2.012779936E-3,-2.361428924E-4,6.814845838E-4
5.301495834E-2,-1.147061586E-3,-1.788847148E-4,-7.795253769E-4
6.302995834E-2,1.976633444E-3,-7.470487617E-4,-1.400541514E-4
7.304395834E-2,6.519779563E-4,-2.692488022E-3,-7.232865319E-4
8.305795834E-2,4.978815094E-3,-8.120872080E-4,3.116725478E-3
9.307195834E-2,2.248542383E-3,-1.910109073E-3,-1.329155639E-3
1.030859583E-1,1.359738410E-3,-5.552372895E-4,-1.568686217E-3
1.130999583E-1,-1.632323489E-3,4.930049181E-5,-2.813447732E-3
1.231139583E-1,5.863793194E-5,5.658632144E-4,-2.322721761E-3
1.331279583E-1,-2.889480442E-3,1.059613191E-3,-1.626039390E-3
1.431419583E-1,-1.549581066E-3,9.940108284E-4,-1.925411634E-4
1.531559583E-1,1.279227436E-3,-8.313199505E-4,3.076004796E-4
1.631699583E-1,4.318084568E-3,-3.685196862E-5,-1.772305463E-3
1.731839583E-1,6.200186908E-4,-1.484812237E-3,1.613637432E-3
1.831979583E-1,3.547379747E-3,-1.286439598E-3,-1.459591556E-3
1.932119583E-1,-7.831864059E-4,-1.316927373E-4,-1.032154541E-3
2.032262083E-1,2.507884055E-4,9.599188343E-4,-1.650308259E-3
2.132402083E-1,-3.846418113E-4,2.204147633E-3,4.047062248E-6
2.232542083E-1,-1.783071086E-3,2.200873569E-3,-2.710710745E-3
2.332682083E-1,1.747747883E-3,-2.739345655E-5,3.343480639E-4
2.432832083E-1,2.731785178E-3,2.260758542E-3,2.407352673E-3
2.532972083E-1,1.917656511E-3,-1.557148993E-3,-1.483791973E-3
2.633112083E-1,1.677487046E-3,-3.841724247E-4,6.186342798E-4
2.733252083E-1,9.155571461E-4,-1.188979484E-3,-2.767206170E-4
2.833392083E-1,6.404053420E-4,1.579165459E-3,-9.820526466E-4
2.933532083E-1,-1.535398886E-3,-1.390791964E-3,3.165048547E-4
3.033672083E-1,-8.446220309E-4,-2.215322107E-3,-1.546834130E-3
3.133812083E-1,2.672467381E-4,2.468112856E-3,2.672678325E-3
3.233952083E-1,-1.349717379E-3,5.185464397E-4,9.769569151E-4
3.334092083E-1,2.005066723E-3,-1.560583711E-3,-3.578192554E-4
3.434232083E-1,4.028566182E-3,8.152173832E-4,6.092269905E-4
3.534372083E-1,1.088436693E-3,1.558772288E-3,2.049997216E-3
3.634512083E-1,-3.929585218E-4,7.687397301E-4,1.336440444E-3
3.734652083E-1,6.669797003E-4,2.012201585E-4,4.316251259E-3
3.834792083E-1,-2.327807248E-3,3.053648397E-4,6.837821566E-4
3.934932083E-1,-4.856212996E-3,1.886216924E-3,1.768221147E-3
4.035072083E-1,-2.964895219E-3,3.654147265E-3,2.662257990E-3
4.135212083E-1,-3.298589960E-3,3.536916338E-4,1.639604103E-3
4.235362083E-1,-4.454348236E-4,1.381472219E-3,-5.161152221E-4
4.335502083E-1,1.701604575E-3,-1.682210714E-4,2.351310337E-3
4.435642083E-1,1.429513097E-3,-1.692993101E-3,1.264650840E-3
4.535782083E-1,5.160477012E-4,-1.474880148E-3,1.232692972E-3
4.635922083E-1,-3.697331995E-4,2.039899584E-3,8.680457249E-4
4.736062083E-1,-4.722935148E-3,-1.129528508E-3,-2.480852418E-4
4.836202083E-1,-7.941167802E-3,9.045000188E-4,5.177240819E-4
4.936342083E-1,-1.138436887E-2,1.399581786E-3,-5.707098171E-4
5.036482083E-1,-6.448380649E-3,-5.850195885E-5,-1.489392016E-3
5.136622083E-1,-2.709303051E-3,4.456238821E-5,-7.807244547E-4
5.236762083E-1,2.977196127E-4,-2.411128953E-4,-1.286799088E-3
5.336902083E-1,4.929754883E-3,-4.336788785E-3,-1.554180402E-3
5.437042083E-1,3.353366628E-3,-3.689299338E-4,-2.534941304E-3
5.537182083E-1,3.275869414E-3,-1.532464754E-3,1.362087205E-4
5.637322083E-1,-1.052699983E-3,-1.048913691E-3,-2.092359122E-3
5.737462083E-1,-2.740077674E-3,-4.773992114E-4,-4.241545685E-4
5.837602083E-1,-5.508767441E-3,-6.230594590E-5,-1.922298688E-3
5.937742083E-1,-8.379388601E-3,7.488927804E-4,-2.929768525E-4
6.037882083E-1,-3.969783895E-3,9.615370072E-4,-3.827511333E-3
6.138032083E-1,5.237683654E-4,-2.312925644E-4,1.091738231E-4
6.238172083E-1,1.364449039E-3,-2.237496898E-3,-8.229115047E-4
6.338312083E-1,3.588721156E-3,-4.342710599E-4,5.619786680E-5
6.438452083E-1,3.550365567E-3,-3.224192187E-5,6.062099710E-4
6.538592083E-1,3.130119294E-3,3.224909306E-4,-3.948719241E-4
6.638732083E-1,-1.433787867E-3,-3.144619986E-4,-2.202931792E-4
6.738872083E-1,-6.605912931E-3,2.596106846E-3,2.173356013E-3
6.839012083E-1,-7.106333971E-3,1.226649620E-3,-1.096001361E-3
6.939152083E-1,-4.165405408E-3,4.639201798E-4,-3.495174460E-4
7.039292083E-1,1.300793141E-3,-2.138802316E-3,9.223273955E-4
7.139432083E-1,5.937255919E-4,3.034654306E-3,2.240059432E-3
7.239572083E-1,6.007008255E-3,1.202303451E-3,1.979764784E-3
7.339712083E-1,6.599560380E-3,1.449711155E-3,1.411712728E-3
7.439852083E-1,7.691122591E-4,2.897242084E-4,2.980976366E-3
7.539992083E-1,1.420786604E-3,2.231448889E-4,2.982840408E-3
7.640132084E-1,-2.462483943E-3,2.606588881E-3,3.415298648E-3
7.740272084E-1,-4.594876431E-3,2.589012031E-3,4.048612900E-4
7.840412084E-1,1.148028299E-3,7.109381258E-4,1.189612318E-3
7.940562083E-1,-2.447240055E-3,-1.801555045E-4,1.358190551E-3
8.040702083E-1,4.475563765E-3,4.161647521E-4,2.103499137E-3
8.140842083E-1,3.315756097E-3,3.019670723E-3,3.055579262E-3
8.240982083E-1,5.127515644E-3,6.178258918E-4,2.568282420E-3
8.341122083E-1,1.957822591E-3,1.589632593E-4,1.327781938E-3
8.441262083E-1,-1.195222139E-4,7.766624913E-4,4.599462263E-4
8.541402083E-1,-1.526203007E-3,1.522613689E-3,5.514593795E-5
8.641542083E-1,-1.192832366E-3,9.292280301E-4,1.954724081E-3
8.741682083E-1,2.263486385E-5,-1.419946551E-3,-1.051984727E-3
8.841822083E-1,-2.071235329E-3,-1.239597797E-3,-4.056266975E-3
8.941962083E-1,-1.652587205E-3,-1.122816466E-4,2.574471524E-3
9.042102083E-1,1.252073795E-3,-2.484335564E-4,9.934934787E-4
9.142242083E-1,4.656426609E-4,1.735621598E-3,6.243796088E-4
9.242382084E-1,-1.505412161E-3,-4.755971022E-4,-3.073844127E-4
9.342522084E-1,1.928467304E-3,-4.762737080E-5,9.240615182E-4
9.442662084E-1,1.023244113E-3,3.473581281E-3,-2.437289804E-4
9.542802084E-1,7.302965969E-4,5.088653415E-5,-4.256227985E-4
9.642942084E-1,-1.731812954E-4,6.373473443E-4,7.246304303E-4
9.743082084E-1,-4.075393081E-4,3.478615545E-4,-1.723080873E-3
9.843232083E-1,1.595029607E-3,1.204476692E-3,-1.746885013E-3
9.943372083E-1,3.047250211E-3,4.280591384E-5,2.978628036E-3
1.004351208E0,2.747453749E-3,1.464182045E-3,-1.641976181E-3
1.014365208E0,8.976217359E-4,9.789541364E-4,-4.571359605E-4
1.024379208E0,1.244284213E-4,2.043517306E-4,-1.293546986E-3
1.034393208E0,-4.745181650E-4,-1.647077966E-3,-6.522578187E-4
1.044407208E0,8.823070675E-4,-7.995581254E-4,-8.829422295E-4
1.054421208E0,3.803018481E-4,2.550964709E-3,-2.203476615E-4
1.064435208E0,6.641838700E-4,1.023116987E-3,8.669588715E-4
1.074449208E0,1.219451427E-3,-8.549443446E-4,-8.087018505E-4
1.084463208E0,1.745151356E-3,4.387139343E-4,7.840055041E-4
1.094477208E0,9.989328682E-4,1.281891018E-4,1.109976321E-3
1.104491208E0,-2.758245915E-3,-2.725439146E-3,7.135607302E-4
1.114505208E0,-2.563834190E-3,-2.716025338E-4,-1.326686703E-3
1.124519208E0,-3.319039941E-3,1.147587318E-3,1.065747347E-3
1.134533208E0,-2.386666834E-3,1.197921112E-3,1.132592559E-3
1.144547208E0,-6.622038782E-4,1.396755688E-4,1.260274090E-3
1.154561208E0,-1.553563401E-3,9.865607135E-4,-2.774354070E-4
1.164575208E0,3.661159426E-4,-2.746351063E-3,1.396639273E-4
1.174589208E0,2.655368298E-3,5.719480105E-4,-1.969598234E-4
1.184603208E0,-4.974436015E-4,2.618608996E-4,-8.722012863E-4
1.194618208E0,7.915273309E-4,-1.642452553E-4,1.882838784E-3
1.204631958E0,-2.466350794E-3,-1.263237093E-3,-2.073422074E-4
1.214645958E0,1.189902425E-3,-1.051249448E-3,-4.062848166E-5
1.224659958E0,-1.513671130E-3,8.286344819E-4,4.390999675E-5
1.234673958E0,4.227124155E-4,-1.029395498E-4,-2.604337875E-3
1.244687958E0,-1.154219732E-3,-2.494966611E-3,-1.822945662E-3
1.254701958E0,-1.344902441E-3,5.697994493E-4,9.000301361E-5
1.264715958E0,1.711929217E-3,6.496026181E-4,-7.632193156E-4
1.274729958E0,1.310057938E-3,9.084618650E-4,4.216209054E-4
1.284743958E0,5.076378584E-4,-1.191474963E-3,-3.509465605E-4
1.294757958E0,1.481022686E-3,1.230137423E-3,1.063183881E-4
1.304771958E0,-1.535126939E-3,-5.837301724E-4,-3.823358566E-5
1.314785958E0,-2.594739199E-4,-7.701516151E-4,-1.349308062E-3
1.324799958E0,7.628593594E-4,-7.900847122E-4,-3.990058322E-3
1.334813958E0,6.123911589E-4,-1.367191784E-3,-3.955895081E-4
1.344827958E0,-1.193122938E-3,-1.294873655E-3,-1.236342825E-3
1.354841958E0,-4.562251270E-4,1.368415542E-4,-2.842624672E-4
1.364855958E0,-1.778777689E-3,-6.220685318E-4,-1.850396860E-3
1.374869958E0,1.495046541E-3,-1.549497247E-4,-7.198848762E-4
1.384884958E0,-2.108141780E-5,-1.409698743E-3,-1.842107158E-3
1.394898958E0,-3.572925925E-5,1.257989556E-3,-9.795092046E-4
1.404912958E0,-1.926813275E-4,7.610302418E-5,-1.490525901E-3
1.414926958E0,-5.993992090E-6,-9.105978534E-4,-1.308632083E-3
1.424940958E0,-1.123903319E-3,6.264462136E-4,-2.477995120E-3
1.434954958E0,2.430975437E-4,-1.038295683E-3,-8.726422675E-4
1.444968958E0,7.520560175E-4,-9.549832903E-4,-2.625710331E-4
1.454982958E0,-2.428824082E-3,2.807234414E-4,-1.899616327E-3
1.464996958E0,-2.556599677E-3,1.433892641E-3,-1.124016475E-3
1.475010958E0,-1.117160544E-3,5.023186095E-4,3.164871596E-4
1.485024958E0,-3.779971972E-3,-6.083124317E-4,2.975719981E-4
1.495038958E0,-1.766622066E-3,-1.004058402E-3,1.097052824E-3
1.505052958E0,-1.251304522E-3,2.001064830E-3,-2.112417948E-3
1.515066958E0,-1.699781045E-3,-6.727487780E-4,-1.012798399E-3
1.525080958E0,5.128514022E-4,-2.212625928E-3,5.463184789E-5
1.535094958E0,1.837775111E-3,9.253770113E-4,-1.736876555E-3
1.545108958E0,1.755572855E-3,-1.987636555E-3,-6.120703183E-4
1.555122958E0,-1.915061846E-3,2.104044426E-3,-1.117538195E-3
1.565136958E0,-1.588463783E-4,2.890448552E-3,1.632996835E-3
1.575150958E0,-1.041151583E-3,-2.701911144E-4,-1.229368616E-3
1.585164958E0,-2.279367298E-3,9.737382643E-4,-2.548336051E-4
1.595178958E0,1.734016463E-3,-1.171438023E-3,-3.469791263E-4
1.605193958E0,-2.554431558E-4,1.753219403E-4,1.635368448E-3
1.615207958E0,-9.964779019E-5,-1.786096022E-3,9.504035115E-4
1.625221958E0,8.892938495E-4,-1.965426840E-3,1.387989614E-3
1.635235958E0,5.361586809E-4,-3.606062382E-4,-9.697065689E-4
1.645249958E0,-1.346817240E-3,-1.968361903E-3,-1.197722740E-4
1.655263958E0,8.742585778E-4,-7.869838737E-4,-1.356544439E-3
1.665277958E0,1.088369638E-3,-5.256705917E-4,-2.524273936E-3
1.675291958E0,-3.595910966E-4,1.085275318E-3,1.186574809E-3
1.685305958E0,-1.841954887E-3,8.382634260E-4,-2.466863953E-4
1.695319958E0,9.333249182E-4,-4.738760181E-4,1.176506747E-3
1.705333958E0,-1.112326980E-3,1.865935512E-3,-6.765346043E-4
1.715347958E0,-2.788752317E-5,-7.721921429E-4,1.266747713E-4
1.725361958E0,-1.102508977E-3,-1.303010620E-3,-4.992070608E-4
1.735375958E0,1.332685351E-3,6.277812645E-4,3.860276192E-4
1.745389958E0,-1.217193902E-3,-3.749784082E-5,-1.734715421E-3
1.755403958E0,-2.439318225E-3,-1.247638371E-3,-7.490795106E-4
1.765417958E0,4.430655390E-4,1.205191016E-3,7.605925202E-4
1.775431958E0,3.458596766E-4,-9.069619700E-4,-2.174743451E-3
1.785445958E0,7.592998445E-4,-4.587275907E-5,-1.197126228E-3
1.795459958E0,-6.508436054E-4,1.505685039E-3,-2.767378464E-4
1.805473958E0,1.958193257E-3,-1.719621476E-3,-6.349408068E-4
1.815487958E0,-2.112165093E-4,-1.541722100E-3,-1.342009753E-3
1.825502958E0,2.083692700E-3,-1.378688030E-3,1.270255540E-3
1.835516958E0,1.586746424E-3,-3.004281316E-3,-2.417424228E-3
1.845530958E0,-4.880912602E-4,1.498785801E-3,9.111030959E-4
1.855544958E0,-8.782446384E-4,5.991701037E-4,-3.511784598E-5
1.865558958E0,1.646392047E-3,-1.239911187E-3,-9.500458837E-4
1.875572958E0,1.652516425E-3,-2.532876097E-3,-1.472292002E-3
1.885586958E0,4.486385733E-4,7.627005689E-4,4.819585010E-4
1.895600958E0,-2.134237438E-4,-7.590297610E-4,4.465384409E-4
1.905614958E0,5.167815834E-4,-2.941973507E-4,-9.417338297E-4
1.915628958E0,-2.560671419E-4,-1.978912856E-3,-1.590746455E-3
1.925642958E0,-2.684624866E-3,1.177506987E-3,-1.118191052E-3
1.935656958E0,-2.453727648E-3,-1.484056469E-3,-4.553301260E-4
1.945670958E0,1.881679520E-3,1.602768898E-3,7.903031074E-4
1.955684958E0,-1.191534102E-4,9.817196988E-4,3.476855345E-4
1.965698958E0,9.233877063E-4,1.375558786E-3,1.857862342E-3
1.975712958E0,-6.036683917E-4,-1.816239674E-3,-2.513450105E-3
1.985726958E0,1.973252743E-3,-5.310503766E-4,-4.852630664E-3
1.995740958E0,4.459302872E-4,-3.531510010E-4,-4.728793632E-3
2.005754958E0,-2.745239064E-3,1.397673972E-3,-2.038503997E-3
2.015768958E0,3.206392750E-3,-1.798118930E-3,-6.083864719E-4
2.025782958E0,1.536257565E-3,-3.734047990E-3,3.410191275E-4
2.035796958E0,-7.482022047E-4,-3.666404169E-3,1.047966070E-4
2.045810958E0,-1.828391105E-4,-7.210127078E-4,-1.456581056E-3
2.055825958E0,-3.724563867E-4,1.167168375E-3,5.272077397E-4
2.065839958E0,1.202486455E-3,1.427696086E-3,3.921608441E-4
2.075853958E0,1.683186740E-3,-1.408304088E-3,2.949554473E-4
2.085867958E0,-3.158934414E-4,8.645188063E-4,-4.342128523E-4
2.095881958E0,1.333821565E-4,1.885840669E-3,-1.628641039E-3
2.105895958E0,1.723175868E-3,1.528020948E-4,-7.006619126E-5
2.115909958E0,8.560512215E-4,-2.259222791E-3,3.656269982E-4
2.125923958E0,2.047954127E-3,-7.029864937E-4,9.436146356E-4
2.135937958E0,5.083791912E-4,-2.121739089E-5,3.101574024E-3
2.145951958E0,4.247363657E-3,-8.276640438E-4,1.851832028E-3
2.155965958E0,2.208180726E-3,-3.565127030E-3,6.645945832E-4
2.165979958E0,4.070675001E-3,2.212706022E-4,5.742967594E-3
2.175993958E0,-5.610939115E-4,-2.290699631E-4,1.798293088E-3
2.186007958E0,-7.786266506E-4,-3.839316778E-4,2.890958451E-3
2.196021958E0,1.923628151E-4,1.510108821E-3,1.968439668E-3
2.206036458E0,3.669492900E-3,-6.943601184E-4,2.382340608E-3
2.216050458E0,8.619874716E-4,-2.360302024E-4,1.759160776E-3
2.226064458E0,3.959784284E-3,2.435953356E-4,7.626158185E-4
2.236078458E0,-2.581309527E-4,1.248186454E-4,5.213078111E-6
2.246092458E0,3.300448880E-3,4.938477650E-5,4.411006812E-3
2.256106458E0,7.028002292E-4,-8.483664133E-4,1.056489069E-3
2.266120458E0,-2.335179597E-4,1.359805465E-3,2.443581820E-3
2.276134458E0,-6.191451102E-4,-4.173219204E-4,-1.132022589E-5
2.286148458E0,-3.324747086E-4,2.471374813E-3,-1.354312990E-3
2.296163458E0,-1.469377428E-3,9.216815233E-4,2.459804527E-4
2.306177458E0,-8.151587099E-4,1.310929656E-3,1.646500081E-3
2.316191458E0,-3.219023347E-5,8.829594590E-4,-1.044091769E-3
2.326205458E0,3.799926490E-4,-1.155663282E-3,2.725711092E-4
2.336219458E0,2.067370340E-3,-4.986617714E-4,9.839013219E-4
2.346233458E0,2.474719658E-3,-6.705438718E-4,1.644305885E-3
2.356247458E0,1.694876701E-4,1.534553710E-3,2.042714972E-3
2.366261458E0,1.071717590E-3,-2.299406566E-3,8.342578076E-4
2.376275458E0,-7.291119546E-4,7.437872700E-4,4.525665194E-3
2.386289458E0,-3.914725967E-3,1.855888404E-4,1.137844287E-3
2.396303458E0,-1.711193472E-4,-1.291967928E-4,-4.451386631E-4
2.406317458E0,5.206651986E-5,-2.504782751E-4,1.950370148E-3
2.416331458E0,1.637712121E-3,4.099858925E-4,-1.634777524E-3
2.426345458E0,-3.828909248E-4,-5.781836808E-5,-1.278618816E-3
2.436359458E0,3.058034927E-4,-1.511105802E-3,1.430881210E-3
2.446373458E0,1.854071394E-3,5.250084214E-4,4.113884643E-4
2.456387458E0,-1.514561474E-3,8.930573240E-4,7.325652987E-4
2.466401458E0,-1.508986577E-3,-2.452312969E-3,-2.897554077E-4
2.476415458E0,-8.567776531E-4,-4.786443897E-4,-2.581938636E-3
2.486429458E0,-2.545867115E-3,6.718672812E-4,-6.370190531E-4
2.496443458E0,-1.132261008E-3,5.123438314E-4,-3.432724625E-4
2.506457458E0,1.813005656E-4,4.783300683E-4,6.880806759E-4
2.516471458E0,-1.405144110E-3,-2.474104986E-5,-1.572676469E-3
2.526485458E0,5.027391016E-4,-7.483642548E-4,-6.886399351E-4
2.536500458E0,9.299106896E-4,-2.404317725E-3,4.013916478E-4
2.546514458E0,-9.002145380E-4,-7.938761264E-4,-2.724360675E-3
2.556528458E0,-3.971420228E-4,-1.891364809E-3,-8.428371511E-4
2.566542458E0,6.550587714E-4,2.934774384E-4,1.036738046E-3
2.576556458E0,-8.152723312E-4,-3.300192300E-3,-7.483791560E-4
2.586570458E0,-3.174301237E-4,-1.003331970E-3,-5.745464005E-4
2.596584458E0,-2.951296046E-3,7.447670214E-4,-9.966576472E-4
2.606598458E0,1.173740253E-3,1.239268109E-3,-1.441066153E-3
2.616612458E0,2.126041800E-4,-1.328551676E-3,-8.573010564E-4
2.626626458E0,3.707259893E-4,-1.873574220E-3,5.737612955E-4
2.636640458E0,-1.683102921E-3,-5.241506733E-4,-6.531570107E-4
2.646654458E0,-1.874061301E-3,1.040987205E-3,5.848775618E-4
2.656668458E0,6.572734565E-4,3.911759704E-4,1.625374891E-3
2.666682458E0,2.391766757E-3,-1.193796284E-3,9.155962616E-4
2.676696458E0,1.676175743E-3,8.354894817E-6,-1.110523008E-4
2.686710458E0,1.064103097E-3,-9.989626706E-4,1.016389579E-3
2.696724458E0,2.908609807E-3,-1.330792438E-3,1.340496354E-3
2.706738458E0,9.671971202E-5,-1.293165144E-3,1.151763368E-3
2.716752458E0,1.621911302E-3,2.019008156E-3,9.277914651E-4
2.726766458E0,-5.127061158E-4,1.910361461E-4,-2.486817539E-5
2.736780458E0,-4.386696965E-4,8.147484623E-4,-1.210241113E-3
2.746794458E0,-2.758473158E-3,-9.532356635E-4,-4.564980045E-4
2.756808458E0,-5.834698677E-4,-9.649535641E-4,-4.615578800E-4
2.766822458E0,1.221938059E-3,-1.210862305E-3,-6.787539460E-4
2.776836458E0,5.351100117E-4,2.038993407E-3,-6.555845030E-4
2.786851458E0,2.112234011E-3,-1.104003284E-3,-2.539124340E-3
2.796865458E0,2.445129678E-3,-2.302159090E-3,-4.219119437E-4
2.806879458E0,-1.962631941E-4,1.127100084E-3,-1.918825321E-3
2.816893458E0,-1.059126109E-3,-9.118160233E-4,-2.581153531E-3
2.826907458E0,-2.875646576E-3,4.665809684E-4,-7.680403069E-4
2.836921458E0,-1.825829968E-3,4.761684686E-4,-1.656470820E-3
2.846935458E0,-1.239821315E-3,-1.868633088E-3,3.070840612E-4
2.856949458E0,-1.138355583E-4,-1.123214606E-3,-9.275572374E-4
2.866963458E0,-6.717536598E-4,7.465248927E-5,-4.665646702E-4
2.876977458E0,1.698993146E-3,-6.164377555E-4,-7.348228246E-5
2.886991458E0,8.149575442E-4,-3.791656345E-4,8.332496509E-5
2.897005458E0,-5.962513387E-4,3.481437452E-4,8.457880467E-4
2.907019458E0,-2.211872488E-4,8.951681666E-4,-1.201742794E-3
2.917033458E0,-9.042769670E-5,-1.121377572E-3,1.252360176E-3
2.927047458E0,-2.642050385E-4,5.537546240E-4,-2.004610375E-3
2.937061458E0,-2.021528780E-4,-7.479987107E-4,-3.235789947E-3
2.947075458E0,-1.022353768E-3,-2.878736705E-4,-1.218026504E-3
2.957089458E0,-2.112917602E-3,1.099633519E-3,-2.595544793E-4
2.967103458E0,2.753658220E-3,9.904662147E-5,1.230762340E-3
2.977117458E0,-1.919390634E-3,-1.723620575E-3,-1.318415161E-3
2.987131458E0,-2.732537687E-4,1.456136815E-3,-1.028058585E-3
2.997145458E0,1.317186281E-3,-1.109019853E-3,-5.849087611E-4
3.007159458E0,6.653741002E-4,1.511337701E-3,-1.310740598E-3
3.017173458E0,-2.647330984E-3,-1.557689160E-3,5.486784503E-4
3.027187458E0,1.148430631E-3,1.273993403E-3,1.643407159E-4
3.037201458E0,-1.491293311E-3,-1.433375757E-3,-2.780100331E-4
3.047215458E0,-1.252256334E-5,-2.987994812E-4,2.000287641E-3
3.057230458E0,-6.700567901E-4,1.529993024E-3,4.339683801E-5
3.067244458E0,1.627605408E-3,-8.276524022E-5,1.274027862E-3
3.077258458E0,1.973016188E-3,-8.726590313E-4,-2.172901295E-3
3.087272458E0,5.863178521E-4,3.380542621E-4,9.964662604E-4
3.097286458E0,1.983147115E-3,-3.714119084E-4,6.443965249E-4
3.107300458E0,4.193149507E-4,-4.984308034E-4,-2.084881999E-4
3.117314458E0,2.472735941E-4,-2.718441654E-3,-3.885179758E-4
3.127328458E0,-7.750485092E-4,-1.353060827E-3,-1.169181895E-3
3.137342458E0,1.514736563E-3,1.472020056E-3,-2.637067810E-4
3.147356458E0,-1.310830936E-3,3.594452050E-3,-3.093415871E-4
3.157370458E0,-2.055983990E-3,-1.515355427E-3,-1.259024721E-3
3.167384458E0,2.223724499E-3,-1.380965114E-4,-2.647354268E-3
3.177398458E0,-2.984143794E-5,2.295500133E-3,-1.460649539E-3
3.187412458E0,-1.854455099E-3,-3.683703486E-3,-2.135727089E-3
3.197426458E0,1.527760178E-3,3.680298105E-4,-5.636629649E-4
3.207440750E0,9.338743985E-4,3.433455713E-4,-3.439388238E-4
3.217454750E0,2.083029598E-3,-1.035328023E-4,-1.013724133E-3
3.227468750E0,1.065062359E-3,-3.565240186E-3,1.787617803E-3
3.237482750E0,2.108756453E-3,9.456225671E-4,1.070694532E-3
3.247496750E0,2.378961071E-3,2.562338486E-4,-2.663196065E-4
3.257510750E0,4.016006365E-3,-2.458592411E-3,6.034686230E-4
3.267524750E0,4.976149648E-4,1.601716504E-3,1.076508779E-3
3.277538750E0,1.500029117E-3,1.548985485E-3,2.225928940E-3
3.287552750E0,8.074473590E-4,4.300139844E-4,1.707888208E-3
3.297566750E0,-1.829825342E-4,-1.089851838E-3,1.196028665E-3
3.307580750E0,-1.323191449E-3,1.677596010E-3,5.916068330E-4
3.317594750E0,-5.977470428E-4,-1.342961565E-3,1.316519454E-3
3.327608750E0,-8.385051042E-4,4.356242716E-4,9.696185589E-4
3.337622750E0,-1.575134695E-3,7.868953981E-4,-1.195264980E-3
3.347636750E0,7.325094193E-4,2.968548797E-4,1.271829940E-3
3.357651750E0,3.542942926E-3,-1.659942791E-5,-7.644230500E-4
3.367665750E0,-9.284839034E-4,1.278280746E-3,1.640943810E-5
3.377679750E0,-2.127971500E-3,-1.617906615E-3,8.590337820E-4
3.387693750E0,-5.931761116E-4,7.110671140E-4,3.832764924E-5
3.397707750E0,-2.259515226E-3,1.472198404E-3,8.958657272E-4
3.407721750E0,6.216075271E-4,-3.659925424E-4,-9.000417776E-4
3.417735750E0,1.698324457E-3,2.087577712E-3,1.621705480E-3
3.427749750E0,1.290997490E-3,1.432875171E-3,1.804536209E-3
3.437763750E0,1.063298434E-3,2.712043934E-4,1.899610972E-3
3.447777750E0,-4.136059433E-4,-4.214043729E-4,1.294383779E-3
3.457791750E0,1.962468028E-3,-1.111162826E-3,-2.756549977E-3
3.467805750E0,1.923069358E-4,-3.014636226E-3,-3.123055212E-4
3.477819750E0,-8.678976446E-4,-1.544836909E-3,1.889015548E-4
3.487833750E0,-1.983249560E-3,-3.552339971E-3,-3.012932371E-3
3.497847750E0,-2.913491800E-3,3.520399332E-5,-2.449674066E-3
3.507861750E0,1.720301807E-4,1.368951518E-3,-1.939608715E-3
3.517875750E0,1.062856987E-3,2.296511084E-4,-2.342012245E-3
3.527889750E0,8.371267468E-4,2.155867405E-4,-1.699659042E-3
3.537903750E0,1.550912857E-4,9.093401022E-4,-2.232021652E-4
3.547917750E0,1.317188144E-4,5.185161717E-4,-7.299054414E-4
3.557931750E0,-4.472527653E-4,-1.906558406E-3,-1.314735506E-3
3.567945750E0,-3.855694085E-4,5.185534246E-4,-8.866023272E-4
3.577959750E0,-3.584045917E-4,-3.344570287E-4,-1.759320032E-3
3.587973750E0,-1.355120912E-3,2.342682797E-3,-6.156465970E-4
3.597987750E0,1.747194678E-3,3.440970555E-3,-1.813536510E-3
3.608001750E0,6.511807442E-5,2.416133415E-3,-9.115594439E-4
3.618015750E0,4.165319726E-3,1.016908791E-3,-3.730682656E-4
3.628029750E0,-6.183106452E-4,-4.919297062E-4,-1.164111309E-3
3.638043750E0,1.935394481E-3,4.039579071E-4,2.055526711E-4
3.648057750E0,-4.946272820E-4,-1.454039011E-3,-2.652827185E-3
3.658071750E0,1.519788057E-3,-1.390921418E-3,-1.089818310E-3
3.668086750E0,-2.188017592E-3,-1.958571374E-4,1.729091629E-3
3.678100750E0,2.346813679E-3,-1.208391041E-3,5.138912238E-4
3.688114750E0,1.927496865E-3,-1.888340805E-3,-9.949109517E-4
3.698128750E0,1.018559560E-3,-2.123764250E-3,-5.096825771E-4
3.708142750E0,-4.987400025E-4,-1.310731284E-3,7.662666030E-4
3.718156750E0,-2.776980400E-4,-2.997044940E-3,1.612353139E-3
3.728170750E0,1.515597105E-3,3.504294436E-3,-8.117454126E-5
3.738184750E0,-1.893514767E-3,-7.927156985E-4,-4.239236005E-4
3.748198750E0,-6.399769336E-4,-1.040471718E-3,-5.186190829E-4
3.758212750E0,-1.156629995E-3,1.491129398E-3,-1.073888503E-3
3.768226750E0,1.109566540E-3,-1.270993613E-3,-1.034285873E-3
3.778240750E0,-6.270799786E-4,-1.353285741E-3,-3.554967698E-3
3.788254750E0,1.015717164E-3,8.122562431E-4,-1.105461735E-3
3.798268750E0,-1.716686413E-3,3.155767918E-4,-1.764860470E-3
3.808282750E0,-8.554589003E-4,-1.506487839E-3,-3.344608471E-3
3.818296750E0,-9.705089033E-4,-3.514750861E-4,-1.281457487E-3
3.828310750E0,-5.698557943E-4,8.514598012E-4,-3.712252714E-3
3.838324750E0,-3.321167082E-3,-1.232729759E-3,-4.359667189E-3
3.848338750E0,9.067002684E-4,2.187445760E-3,-5.426067859E-3
3.858352750E0,-2.175375819E-3,2.573071280E-3,-4.011396319E-3
3.868366750E0,-1.589685678E-3,-2.368092537E-4,-3.576802555E-3
3.878380750E0,-4.791487008E-4,1.331792679E-3,-5.446608644E-3
3.888394750E0,-1.318238676E-3,2.323414199E-3,-2.380817663E-3
3.898408750E0,-1.621840522E-3,-1.618475653E-4,-3.909040242E-4
3.908422750E0,2.142323181E-3,2.502324060E-5,6.825872697E-4
3.918436750E0,-5.586557090E-4,9.861579165E-4,-1.655135304E-3
3.928450750E0,-4.439614713E-4,1.566019375E-3,1.135475468E-3
3.938464750E0,2.131581306E-3,-7.450720295E-4,-1.771631185E-3
3.948478750E0,-3.644637764E-4,1.053637359E-3,1.241143793E-3
3.958492750E0,1.340759918E-3,-1.018834300E-3,4.031071439E-3
3.968506750E0,4.037041217E-4,-2.645325847E-3,2.391265007E-3
3.978520750E0,-3.217402846E-4,-3.318040632E-3,1.997649902E-3
3.988534750E0,-2.159737051E-5,-7.003578357E-4,3.219842678E-3
3.998549750E0,4.559572786E-3,-1.731533557E-3,2.581216628E-3
4.008563750E0,1.431893557E-3,-6.860704161E-4,5.442133173E-3
4.018577750E0,4.595195875E-3,-9.443974122E-4,2.731035231E-3
4.028591750E0,2.234101295E-3,4.521030933E-4,3.018241376E-3
4.038605750E0,2.797625959E-3,1.215098891E-3,-4.635751247E-4
4.048619750E0,2.010392025E-3,1.198975369E-3,3.379019909E-4
4.058633750E0,2.127569169E-4,-2.636242658E-3,1.602689736E-4
4.068647750E0,4.794802517E-4,7.135001943E-5,2.818737179E-3
4.078661750E0,9.330157191E-4,7.800804451E-5,-3.035529517E-4
4.088675750E0,-7.348544896E-4,-1.451195218E-3,4.561631940E-4
4.098689750E0,1.985840499E-4,5.712094717E-4,8.271415718E-4
4.108703750E0,1.045336947E-3,-8.217492141E-4,4.461449571E-4
4.118717750E0,-1.535000280E-3,-2.312853001E-3,1.713543199E-3
4.128731750E0,1.206137240E-4,-8.083228022E-4,1.730935182E-3
4.138745750E0,2.045035362E-4,5.272524431E-4,2.361305524E-3
4.148759750E0,8.935984224E-4,9.062984027E-4,5.059139803E-4
4.158773750E0,1.229155809E-3,-2.322029322E-4,3.278797260E-3
4.168787750E0,-1.928359270E-4,-7.364647463E-4,4.409410991E-3
4.178801750E0,1.633293927E-3,-1.245394815E-3,2.402452519E-3
4.188815750E0,2.309674397E-3,-5.941274576E-4,5.483748857E-3
4.198829750E0,1.435626298E-3,-2.053058706E-4,2.666923217E-3
4.208843208E0,1.150395721E-3,4.720310681E-4,1.424820628E-3
4.218857208E0,1.081420109E-3,5.503278226E-4,6.602006033E-3
4.228871208E0,5.409996957E-4,-4.791254178E-4,4.701858386E-3
4.238885208E0,2.304011956E-3,7.208953612E-4,4.658182617E-3
4.248899208E0,1.703538001E-4,-9.157899767E-4,4.342182539E-3
4.258913208E0,1.790087670E-3,1.458684448E-3,2.613258548E-3
4.268927208E0,-6.068963557E-4,-4.561580718E-4,3.658513539E-3
4.278941208E0,4.984410480E-3,-6.772000343E-4,4.126697313E-3
4.288955208E0,-1.111362129E-3,3.428863594E-3,1.514354255E-3
4.298969208E0,1.122497022E-3,1.291410532E-3,3.609196981E-3
4.308983208E0,3.478577361E-3,1.459103078E-4,4.569798708E-3
4.318997208E0,5.401857197E-5,-3.564405721E-3,4.408677109E-3
4.329011208E0,2.917006612E-3,1.194848679E-3,4.299006891E-3
4.339025208E0,3.209155053E-3,1.820957754E-3,3.167819232E-4
4.349039208E0,1.723507419E-3,-8.475845680E-4,2.203795360E-3
4.359053208E0,1.815119758E-3,1.952995546E-3,1.641069539E-3
4.369068208E0,1.106988639E-4,-4.823561758E-4,3.461744636E-4
4.379082208E0,9.519923478E-4,-2.759611234E-4,6.646148395E-3
4.389096208E0,1.709660515E-3,1.129388809E-3,3.246090608E-3
4.399110208E0,7.418673486E-4,1.544842031E-3,2.751009073E-3
4.409124208E0,1.107905060E-3,-7.752384990E-4,1.366796903E-3
4.419138208E0,3.604885191E-3,-7.189763710E-5,4.518648144E-3
4.429152208E0,1.102996990E-3,-1.871376298E-3,2.880775137E-3
4.439166208E0,4.211172462E-3,-1.322498545E-3,1.567037776E-3
4.449180208E0,1.553468406E-3,-5.691843107E-4,4.125419073E-3
4.459194208E0,2.464270219E-3,1.544832718E-3,3.518484766E-3
4.469208208E0,3.014355898E-3,6.552506238E-5,4.105903208E-4
4.479222208E0,-4.341714084E-4,-5.099838600E-4,1.120322850E-3
4.489236208E0,7.977634668E-4,-2.099123783E-3,5.585635081E-4
4.499250208E0,4.084637389E-3,-1.234928146E-3,2.444614423E-3
4.509264208E0,-1.240825281E-3,-1.580074895E-3,1.016656868E-3
4.519278208E0,-1.854684204E-3,2.532377839E-3,2.824235708E-4
4.529292208E0,1.735877246E-3,1.315498725E-3,4.150271881E-3
4.539306208E0,-1.206915826E-3,1.250517555E-3,-3.296979703E-4
4.549320208E0,2.525320277E-3,-1.302417368E-3,6.315298378E-5
4.559334208E0,1.412386075E-3,-7.625948638E-4,-1.913178712E-3
4.569348208E0,1.365762204E-3,-3.747868352E-3,1.881791279E-3
4.579362208E0,1.197982579E-3,1.053012442E-3,3.877580166E-4
4.589376208E0,1.916760579E-3,-6.726579741E-4,2.384532243E-3
4.599390208E0,1.611029729E-3,-1.451899298E-3,-6.623901427E-4
4.609404208E0,3.901943564E-4,-4.567401018E-3,8.562249132E-4
4.619418208E0,4.389286041E-4,-9.974339046E-4,7.342519239E-4
4.629432208E0,1.671757549E-3,-9.287656285E-4,1.689213328E-3
4.639446208E0,4.167139530E-3,-5.007958971E-4,2.349411137E-3
4.649460208E0,4.969783127E-3,1.667869277E-3,1.231616829E-3
4.659474208E0,4.382023588E-3,-9.593390860E-4,2.345617162E-3
4.669488208E0,6.662225351E-3,-3.651212901E-4,1.504064072E-3
4.679502208E0,3.439534456E-3,-7.784441113E-4,1.312582754E-3
4.689516208E0,4.221703857E-3,-2.814407926E-3,3.620608011E-3
4.699530208E0,1.550817862E-3,-1.689488534E-3,1.402460970E-3
4.709544208E0,6.501961499E-3,-3.086801618E-3,2.399394754E-3
4.719558208E0,5.837768316E-3,-1.680119894E-3,1.546117943E-3
4.729572208E0,3.518220037E-3,-4.865662195E-4,3.644138342E-3
4.739586208E0,2.681721002E-3,-7.084663957E-5,4.450011067E-3
4.749600208E0,3.998793662E-3,-6.061047316E-6,2.895826241E-3
4.759614208E0,2.542577684E-3,7.476136088E-4,3.499298589E-3
4.769629208E0,8.255690336E-4,-4.985099658E-4,9.439443238E-4
4.779643208E0,3.667064011E-4,1.670634840E-3,-1.245159656E-4
4.789657208E0,2.747625113E-4,3.156371880E-3,9.014178067E-4
4.799671208E0,2.945913002E-3,1.661744900E-4,-3.057927825E-4
4.809685208E0,-5.750525743E-4,-2.469156869E-3,-1.456078608E-3
4.819699208E0,-1.628864557E-3,-2.984139137E-4,3.193534212E-3
4.829713208E0,1.076977700E-3,5.223308690E-4,2.078189515E-3
4.839727208E0,5.845595151E-4,1.196909696E-3,4.256977700E-4
4.849741208E0,-2.824755386E-3,-8.434909396E-4,7.094414905E-4
4.859755208E0,2.706367522E-4,2.923816675E-3,-2.164641861E-3
4.869769208E0,-2.870697528E-3,-1.359968446E-4,-4.450762644E-4
4.879783208E0,-1.807829365E-3,3.033164889E-3,-4.663816653E-4
4.889797208E0,-4.495022818E-3,1.112148166E-3,-1.407452859E-3
4.899811208E0,-2.663565800E-3,-1.921192743E-3,-1.551796217E-3
4.909825208E0,-1.737451181E-3,-2.048639581E-4,3.142482601E-4
4.919839208E0,-1.825602725E-3,1.439371612E-3,1.786933281E-4
4.929853208E0,-4.875641316E-4,-2.486628480E-3,-1.183202025E-3
4.939867208E0,-1.705428585E-3,5.206130445E-4,-6.479066797E-4
4.949881208E0,-1.582792029E-3,1.751495525E-3,-8.428469300E-5
4.959895208E0,-1.055220142E-3,-5.529378541E-4,-2.065235749E-4
4.969909208E0,-6.674639881E-4,4.227599129E-5,1.548565924E-3
4.979923208E0,-4.148215987E-3,2.032722812E-3,2.499314491E-3
4.989937208E0,1.533571631E-3,-4.903888330E-4,7.427111268E-4
4.999951208E0,-3.199893981E-4,-2.505603246E-3,-1.790487673E-3
5.009965208E0,-1.258084550E-3,1.200961880E-3,-2.724071965E-5
5.019979208E0,2.572536469E-4,1.394259743E-4,-7.915678434E-4
5.029993208E0,-2.854052931E-3,-3.566066734E-3,-5.925828591E-4
5.040007208E0,7.816944271E-4,8.848747239E-4,9.810789488E-4
5.050021208E0,-6.361752748E-4,1.425072551E-4,7.471181452E-4
5.060035208E0,-2.422623336E-3,1.235734671E-3,-1.721099485E-3
5.070049208E0,8.557364345E-4,2.247934695E-3,2.207138576E-3
5.080063208E0,1.080771908E-3,-1.393139362E-3,1.883830875E-3
5.090077208E0,-1.903833821E-3,-1.310970634E-3,1.178956591E-3
5.100091208E0,-1.863619313E-3,-6.592953578E-4,-6.530317478E-4
5.110105208E0,-1.893514767E-3,-1.144860871E-3,-4.650643095E-4
5.120119208E0,-9.440984577E-4,-8.346028626E-4,-6.245877594E-4
5.130133208E0,-1.928400248E-3,-2.229128964E-3,4.297648557E-4
5.140147208E0,-9.443610907E-4,4.739798605E-4,-1.382869668E-4
5.150161208E0,-2.912772819E-3,1.009119209E-3,1.332350075E-5
5.160175208E0,-2.592001110E-4,-7.536271587E-4,1.061809715E-3
5.170189208E0,-2.953857183E-3,-1.867190003E-4,8.983537555E-5
5.180203208E0,-3.659861162E-3,1.717174891E-3,-2.247354481E-3
5.190217208E0,-7.292460650E-4,-2.779485658E-5,-1.169580035E-3
5.200231208E0,-1.394236460E-3,1.110706478E-3,-7.543931715E-4
5.210244958E0,-2.059428021E-3,9.135552682E-4,-5.868356675E-4
5.220259958E0,-3.393670544E-3,1.210764050E-3,-1.423867419E-3
5.230273958E0,1.484658569E-4,-9.640660137E-4,3.660107031E-4
5.240287958E0,9.988117963E-4,7.249107584E-4,-3.185847774E-3
5.250301958E0,-2.500584349E-3,3.026281483E-3,-6.778188981E-4
5.260315958E0,1.572500914E-4,4.603257403E-4,-1.334687695E-4
5.270329958E0,-2.046579495E-3,1.188543625E-3,3.031161614E-4
5.280343958E0,-2.085726708E-3,8.079777472E-4,6.157709286E-4
5.290357958E0,-2.057230100E-3,-8.957586251E-4,-1.547385938E-3
5.300371958E0,9.646583349E-4,2.205226105E-3,-1.620622817E-3
5.310385958E0,-1.752631739E-3,-2.284315880E-3,-1.326194499E-3
5.320399958E0,-1.569671556E-3,-5.021281540E-4,1.062128227E-3
5.330413958E0,1.263953745E-3,-7.566274144E-4,-1.051656902E-3
5.340427958E0,-2.568868920E-3,1.003189478E-3,-1.069233753E-3
5.350441958E0,-6.141513586E-4,-2.498887479E-3,-3.439672291E-4
5.360455958E0,-3.022942692E-4,-7.483912632E-4,6.139720790E-4
5.370469958E0,-1.759454608E-3,-1.546200365E-3,-1.915816218E-3
5.380483958E0,2.032965422E-4,6.820661947E-4,-1.651364379E-3
5.390497958E0,-4.551950842E-4,-1.043805853E-3,-9.291213937E-4
5.400511958E0,-4.677120596E-4,-1.129833981E-5,3.377445973E-4
5.410525958E0,-1.444667578E-5,5.767215043E-5,-9.941039607E-4
5.420539958E0,7.024221122E-5,-2.283778507E-3,-1.867088024E-3
5.430553958E0,-8.056089282E-4,8.897664957E-4,-6.941207685E-4
5.440567958E0,7.976144552E-4,-8.434187621E-4,-1.758320257E-3
5.450581958E0,9.199697524E-4,-2.693925053E-4,2.866052091E-5
5.460595958E0,-1.018866897E-4,-2.147187013E-3,-1.499195118E-3
5.470609958E0,-1.758379862E-3,-4.249908961E-4,-1.936218236E-3
5.480623958E0,1.174293458E-3,-8.982350118E-4,-8.653611876E-4
5.490637958E0,6.206147373E-4,3.522639163E-4,-8.105416782E-4
5.500651958E0,-2.255333588E-3,9.930203669E-4,5.876179785E-4
5.510665958E0,-9.875334799E-4,1.179961953E-3,4.320638254E-5
5.520679958E0,-1.251187176E-3,-2.733250149E-4,-6.470852531E-4
5.530693958E0,-1.439822838E-3,1.278891694E-3,-1.040820032E-3
5.540707958E0,-1.703742892E-3,-2.399998717E-3,2.487868536E-3
5.550721958E0,-1.514945179E-4,-8.708820678E-4,-1.313708257E-3
5.560735958E0,-1.349916682E-3,-1.334804576E-3,3.401143476E-4
5.570749958E0,-1.776048914E-3,5.281218328E-4,9.654127061E-4
5.580763958E0,2.040261403E-3,1.319613308E-3,-2.604401670E-4
5.590777958E0,-3.626737744E-4,1.683974173E-3,-1.495249569E-3
5.600791958E0,7.594749331E-5,-3.581377678E-4,-1.720020548E-3
5.610805958E0,-2.536045387E-3,8.762371726E-4,-1.640230883E-3
5.620819958E0,3.569461405E-4,-1.914755907E-3,3.976197913E-4
5.630833958E0,6.585791707E-4,-2.431978006E-3,5.984073505E-5
5.640847958E0,2.915970981E-4,-1.307591796E-3,-8.951690979E-4
5.650861958E0,-7.597357035E-4,-8.949809708E-4,-4.765125923E-4
5.660875958E0,1.881321892E-3,-9.184167720E-4,-4.464192316E-4
5.670889958E0,-1.313976943E-3,-1.031031832E-3,6.319126114E-4
5.680903958E0,1.527084038E-3,-4.821540788E-4,7.291510701E-5
5.690917958E0,1.823192462E-3,1.383940224E-3,1.794478390E-3
5.700931958E0,-6.876364350E-4,-3.348635510E-4,-2.774610184E-4
5.710945958E0,-1.597451046E-3,-1.015477814E-3,-2.869864460E-3
5.720959958E0,-2.423031256E-3,-2.206976060E-3,2.604154870E-4
5.730974958E0,8.701160550E-5,-1.538665965E-3,-1.830801368E-3
5.740987958E0,-1.594241709E-3,1.727434807E-3,-8.536875248E-4
5.751001958E0,1.143762842E-3,-3.382599913E-3,-5.270824768E-4
5.761016958E0,-2.697048709E-3,2.329614013E-3,-1.220569946E-3
5.771030958E0,-1.578105614E-3,2.264945768E-3,2.173199318E-4
5.781044958E0,-5.554519594E-4,2.084528096E-4,-1.479913015E-3
5.791058958E0,-1.747574657E-3,3.525344655E-4,-1.217797399E-4
5.801072958E0,-1.334784552E-3,1.589227468E-4,-3.789039329E-5
5.811086958E0,5.737654865E-4,4.350151867E-4,1.463812776E-3
5.821100958E0,1.650482416E-3,2.861674875E-5,-7.016034797E-4
5.831114958E0,1.727771014E-3,-1.090498641E-3,8.239746094E-4
5.841128958E0,1.825243235E-3,1.045356505E-3,2.138244454E-3
5.851142958E0,-1.591190696E-3,-5.883974954E-4,-7.786420174E-4
5.861156958E0,-1.901449636E-3,1.108568627E-3,2.278400352E-3
5.871170958E0,-1.662177965E-3,-2.165125683E-3,-3.833593801E-4
5.881184958E0,5.698166788E-4,-1.891353168E-3,-5.394206382E-4
5.891198958E0,4.943031818E-4,2.409766428E-3,-4.688249901E-4
5.901212958E0,-2.691904083E-3,-9.708502330E-4,-2.291758545E-3
5.911226958E0,2.042111009E-4,6.660493091E-5,-2.752492670E-3
5.921240958E0,2.944869921E-3,2.375831828E-3,-1.614789944E-3
5.931254958E0,-1.027530059E-3,-1.324187033E-3,-6.655282341E-4
5.941268958E0,1.495871693E-4,-1.212067902E-3,5.709775724E-4
5.951282958E0,2.164883539E-3,-4.264558665E-4,-9.159371257E-4
5.961296958E0,-2.772616223E-3,1.574643422E-3,-8.877078071E-4
5.971310958E0,1.569595188E-4,-2.593128011E-5,1.023014542E-3
5.981324958E0,1.307444647E-3,-4.706792533E-4,-7.117683999E-4
5.991338958E0,8.592605591E-4,6.197211333E-4,8.060936816E-4
6.001352958E0,1.692343503E-4,-2.719052136E-4,-1.185555011E-4
6.011366958E0,3.103222698E-4,2.013540361E-3,-9.084492922E-4
6.021380958E0,7.838308811E-4,7.594577037E-4,-1.494078431E-3
6.031394958E0,-7.175393403E-4,-5.204780027E-4,2.733883448E-4
6.041408958E0,-1.673307270E-4,-1.535409130E-3,-9.300941601E-4
6.051422958E0,-1.342829317E-3,-5.287746899E-4,3.041699529E-4
6.061436958E0,1.194365323E-3,1.250216737E-3,2.591623925E-4
6.071450958E0,1.818034798E-4,-1.583153848E-3,-4.572714679E-4
6.081464958E0,-3.431048244E-4,-2.507270779E-3,-9.827734903E-5
6.091478958E0,-1.546338201E-3,1.540114172E-4,2.776691690E-4
6.101492958E0,-6.238184869E-4,6.427015178E-4,2.054530196E-3
6.111506958E0,-1.790100709E-3,-1.562944613E-3,-4.173963796E-3
6.121520958E0,1.161480322E-3,-1.106478274E-3,7.970924489E-4
6.131534958E0,9.702313691E-4,3.137970343E-4,2.134620445E-3
6.141548958E0,-1.746458933E-3,-1.428177115E-3,9.455191903E-4
6.151562958E0,2.070201561E-3,-8.475077339E-4,-8.973386139E-5
6.161576958E0,1.389229670E-3,3.591706045E-4,-1.772585325E-3
6.171590958E0,-4.025902599E-4,-5.166056566E-3,-8.800029755E-4
6.181604958E0,-3.187004477E-4,-5.081882700E-4,-1.308554783E-4
6.191618958E0,-1.010634005E-3,3.246393753E-3,5.082404241E-4
6.201632958E0,-1.966442913E-3,3.404852003E-3,-2.279412001E-5
6.211647083E0,1.866143197E-3,-1.576446462E-3,9.943069890E-4
6.221661083E0,1.608615741E-3,1.700548455E-4,1.306429505E-3
6.231675083E0,1.666666940E-3,1.930160448E-3,1.161023043E-3
6.241689083E0,9.401571006E-4,2.284008078E-4,8.915113285E-4
6.251703083E0,-4.934519529E-4,-1.976051368E-3,1.183668151E-3
6.261717083E0,2.499675378E-3,7.821843028E-4,8.339951746E-4
6.271731083E0,1.350449398E-3,8.596437983E-4,-3.738174681E-3
6.281745083E0,-2.917267382E-3,-2.547072247E-3,1.197461504E-3
6.291759083E0,-2.699937671E-3,-6.558112800E-4,1.231925562E-3
6.301773083E0,-1.359302551E-3,-1.250495203E-3,2.347523579E-3
6.311788083E0,-1.768628135E-3,2.207229845E-4,-3.875461407E-4
6.321802083E0,1.070301980E-3,6.207302213E-4,-1.262661070E-3
6.331816083E0,9.753126651E-4,6.623296067E-4,5.451249890E-4
6.341830083E0,3.171889111E-3,-1.567001920E-3,9.094453417E-4
6.351844083E0,1.329600811E-3,1.578768715E-4,2.003107220E-4
6.361858083E0,-6.571169943E-4,1.887334045E-3,1.125492621E-3
6.371872083E0,-1.732928678E-3,-1.489428803E-3,1.571427099E-3
6.381886083E0,9.326301515E-4,1.132986043E-3,-9.252862073E-4
6.391900083E0,1.614838839E-4,-4.285145551E-4,-2.070185728E-3
6.401914083E0,-1.011043787E-4,-9.097475559E-4,1.517358236E-3
6.411928083E0,7.616430521E-4,-9.117908776E-4,1.103150193E-3
6.421942083E0,-1.793660223E-3,1.638596877E-4,9.887246415E-5
6.431956083E0,3.288071603E-4,9.699948132E-4,-1.982065383E-3
6.441970083E0,6.084386259E-4,-2.135140821E-4,-2.443525009E-4
6.451984083E0,1.881612465E-3,-1.172646414E-3,1.954883337E-4
6.461998083E0,4.762616009E-4,-1.878095791E-4,1.379637979E-4
6.472012083E0,8.886195719E-4,-9.218938649E-4,3.379257396E-5
6.482026083E0,-1.747909933E-3,3.553281771E-3,-9.574359283E-4
6.492040083E0,-7.436610758E-5,-1.318849158E-3,2.165054204E-3
6.502054083E0,-1.426985487E-3,1.014346257E-3,-3.681448288E-4
6.512068083E0,-2.601835877E-4,-1.842013560E-3,1.194537617E-4
6.522082083E0,-1.357138157E-3,-1.875570044E-3,1.274733339E-3
6.532096083E0,1.029837877E-4,1.164787449E-3,1.202673651E-3
6.542110083E0,2.381050959E-3,1.299543306E-3,-1.352096908E-3
6.552124083E0,4.483871162E-4,2.492687665E-3,-4.191608168E-4
6.562138083E0,6.931312382E-4,-1.983553171E-3,-2.900790423E-5
6.572152083E0,3.252439201E-4,2.983966842E-4,1.001215074E-3
6.582166083E0,1.270933077E-3,2.036243677E-5,7.789721712E-5
6.592180083E0,2.443660051E-3,-9.086471982E-4,-3.314483911E-5
6.602194083E0,1.304391772E-4,-1.043403056E-3,-1.164189540E-3
6.612208083E0,9.260810912E-4,3.197585233E-3,-1.708131284E-3
6.622222083E0,-1.053446904E-3,6.410991773E-5,-1.699076500E-3
6.632236083E0,2.302311361E-3,-1.733446028E-3,-2.046856098E-3
6.642250083E0,1.200562343E-3,1.364343334E-3,-3.126058728E-4
6.652264083E0,-1.130927354E-3,-1.070137601E-3,2.587730996E-4
6.662278083E0,-6.342474371E-4,-2.043438144E-4,1.197271049E-3
6.672292083E0,2.193631604E-3,-4.817396402E-4,-1.429331955E-3
6.682306083E0,-3.303773701E-5,6.447499618E-5,-1.275786199E-4
6.692320083E0,-1.210927963E-3,-2.563567366E-3,-6.907470524E-4
6.702334083E0,6.543491036E-4,1.852486748E-3,2.693226561E-4
6.712348083E0,8.802711964E-4,2.085668966E-4,-1.792083029E-3
6.722362083E0,1.062432304E-3,-8.412511088E-4,9.243409149E-4
6.732376083E0,7.980242372E-4,-2.228668891E-4,4.133484326E-4
6.742390083E0,1.514682546E-3,-7.749404758E-4,-1.026356593E-3
6.752404083E0,-4.898160696E-4,-7.745223120E-4,3.894241527E-4
6.762418083E0,-5.569290370E-4,5.851406604E-5,1.938584959E-3
6.772433083E0,1.186972484E-3,-1.227858942E-3,-1.195773017E-3
6.782447083E0,-3.112699836E-3,3.404766321E-4,5.099815316E-4
6.792461083E0,1.015679911E-3,-7.766378112E-4,-2.301445231E-3
6.802475083E0,2.978695557E-3,2.496120520E-3,-9.158025496E-4
6.812489083E0,-1.753151417E-3,2.461661119E-3,-7.000477053E-4
6.822503083E0,1.441843808E-3,-2.219110262E-3,9.444542229E-4
6.832517083E0,3.036972135E-3,-2.879637294E-3,3.313063644E-4
6.842531083E0,-1.376418397E-3,1.494604629E-3,-4.952540621E-5
6.852545083E0,-4.161167890E-4,1.523948275E-3,-7.315231487E-4
6.862559083E0,-1.402553171E-3,2.035531215E-4,1.910066232E-3
6.872573083E0,-1.474786550E-3,1.493161544E-4,-2.145084552E-3
6.882587083E0,-1.748559996E-3,-1.392653678E-3,-3.732834011E-4
6.892601083E0,-7.043201476E-4,-9.550536051E-4,2.608848736E-4
6.902615083E0,-4.984568805E-4,-3.387983888E-4,1.229476649E-3
6.912629083E0,1.225853339E-3,2.456787042E-4,1.104240306E-3
6.922643083E0,4.167854786E-4,7.050740533E-4,7.513714954E-4
6.932657083E0,1.300094649E-3,2.562921029E-3,5.858601071E-4
6.942671083E0,-1.303145662E-3,2.676105592E-3,1.479084603E-3
6.952685083E0,-1.681882888E-3,-1.130185090E-3,1.783226617E-4
6.962699083E0,-1.340465620E-3,-1.425529364E-3,8.097579703E-4
6.972713083E0,1.300221309E-3,-8.381106891E-4,-1.015885267E-3
6.982727083E0,3.774370998E-4,-1.408951357E-4,2.009128220E-4
6.992741083E0,8.215010166E-4,-1.130393241E-3,1.299321186E-3
7.002755083E0,9.764973074E-4,-3.355997149E-3,2.100886777E-4
7.012769083E0,8.323062211E-4,1.016678754E-3,-1.526242122E-4
7.022783083E0,7.713194937E-4,-1.173770986E-3,2.684216015E-4
7.032797083E0,2.102183178E-3,4.806383513E-4,7.377406582E-4
7.042811083E0,9.040273726E-4,-1.284238417E-3,1.142275054E-3
7.052825083E0,-1.152500510E-3,-1.183490735E-3,1.208360307E-3
7.062839083E0,-3.950987011E-4,-3.374046646E-4,-1.477212645E-4
7.072853083E0,6.005410105E-4,-2.476517111E-4,8.348999545E-4
7.082867083E0,2.559274435E-4,9.398516268E-4,-4.301015288E-4
7.092881083E0,-1.390092075E-3,-1.277412754E-3,6.736610085E-4
7.102895083E0,1.079989597E-3,-2.272370271E-3,-6.262278184E-4
7.112909083E0,-1.126781106E-3,2.966749715E-3,6.778868847E-4
7.122923083E0,-9.028092027E-4,1.085226424E-3,-8.052275516E-4
7.132937083E0,2.753213048E-4,-1.591658685E-3,-2.477351110E-3
7.142951083E0,2.253783867E-3,1.061382703E-3,7.802271284E-4
7.152965083E0,-7.921829820E-6,-3.084340133E-4,5.832714960E-4
7.162980083E0,-6.385575980E-4,1.464698464E-3,-1.853520982E-3
7.172994083E0,1.310879365E-3,-1.048325095E-3,-1.405912917E-3
7.183008083E0,-4.185773432E-4,-2.017063089E-4,-1.560376491E-3
7.193022083E0,-2.743732184E-4,2.792431042E-4,-1.492542215E-3
7.203036083E0,1.138448715E-5,-2.023325767E-3,2.102725208E-3
7.213050958E0,-2.859873697E-3,-1.247505657E-3,-1.528582536E-3
7.223064958E0,7.060989738E-4,1.067118719E-4,-6.345594302E-4
7.233078958E0,-1.109167933E-4,-1.235920470E-3,-2.740213647E-3
7.243092958E0,-2.116709948E-5,-2.383477055E-3,4.071104340E-4
7.253106958E0,-1.029893756E-3,-8.360864595E-4,2.831779420E-5
7.263120958E0,6.417725235E-4,1.026778482E-4,-8.795540780E-4
7.273134958E0,2.795092762E-3,-4.241708666E-4,9.597251192E-4
7.283148958E0,2.149010077E-3,-1.375185326E-3,2.220998285E-3
7.293162958E0,1.152997836E-3,4.938039929E-4,-7.819239981E-4
7.303176958E0,-2.249218524E-4,9.148498066E-4,-9.936452843E-4
7.313190958E0,1.912545413E-4,1.484276727E-4,4.731663503E-4
7.323204958E0,1.126557589E-3,2.349796705E-3,9.032669477E-4
7.333218958E0,-1.676291227E-3,-1.956257038E-4,1.882283483E-3
7.343232958E0,-4.177798517E-3,3.418000415E-4,-1.385235228E-4
7.353246958E0,2.157799900E-3,-4.851669073E-4,2.084546722E-4
7.363260958E0,1.233415678E-3,1.691700891E-3,-1.681162976E-4
7.373274958E0,6.392914802E-4,-2.270916477E-3,6.023976021E-4
7.383288958E0,1.109872013E-3,5.523008294E-4,2.902750857E-4
7.393302958E0,3.497395664E-4,-5.687102675E-4,-6.604706869E-4
7.403316958E0,-1.685116440E-4,-8.507389575E-4,-4.767719656E-5
7.413330958E0,2.258466557E-3,-2.142545301E-3,-1.212274656E-3
7.423344958E0,2.270983532E-3,-4.168171436E-4,-3.030714579E-4
7.433358958E0,-2.901351079E-3,-1.414908096E-3,1.645594370E-3
7.443372958E0,-2.220114693E-3,-3.760089166E-4,4.820595495E-4
7.453386958E0,1.229638234E-3,-1.552016474E-3,-1.491794828E-3
7.463401958E0,2.652565017E-3,-1.782380044E-3,4.278114066E-4
7.473415958E0,2.222787589E-4,-2.603988629E-3,9.241313674E-4
7.483429958E0,1.319501549E-3,-1.649245154E-3,-4.419405013E-5
7.493443958E0,-8.941143751E-4,7.217442617E-4,-1.371428836E-3
7.503457958E0,-2.158079296E-4,-1.086275559E-3,-6.672893651E-4
7.513471958E0,3.140510991E-3,1.952838618E-3,9.595276788E-5
7.523485958E0,2.698898315E-4,-9.766384028E-4,5.273846909E-4
7.533499958E0,-2.490475774E-3,-2.095438540E-3,-5.420632660E-4
7.543513958E0,-2.145376056E-4,-8.213822730E-4,-1.766774803E-4
7.553527958E0,5.054101348E-5,1.716608182E-3,-5.460544489E-4
7.563541958E0,-2.610497177E-4,7.043406367E-4,-2.001095563E-4
7.573555958E0,-2.341549844E-4,-1.056542620E-3,-2.383883111E-4
7.583569958E0,2.385862172E-3,6.225807592E-4,-4.122923128E-4
7.593583958E0,2.244947478E-3,-1.262553036E-3,2.987366868E-3
7.603597958E0,2.192217857E-3,-2.721231431E-4,-2.312856261E-3
7.613611958E0,9.379014373E-4,-2.767249942E-3,-2.439433709E-3
7.623625958E0,2.140585333E-3,-8.641546592E-4,-1.031420659E-3
7.633639958E0,-1.643020660E-4,7.766187191E-4,-1.391586848E-4
7.643653958E0,-6.031896919E-4,-8.331565186E-5,-9.601563215E-5
7.653667958E0,1.940833405E-3,-1.176282763E-3,6.551644765E-4
7.663681958E0,-4.908982664E-4,-1.526488457E-3,-3.158240579E-4
7.673695958E0,-9.808931500E-4,1.266877167E-3,-1.802301034E-3
7.683709958E0,4.955641925E-4,1.381126698E-3,-1.013739035E-3
7.693723958E0,-1.077130437E-4,4.561208189E-4,-1.881793141E-4
7.703737958E0,1.788418740E-4,9.064613841E-4,1.168434974E-3
7.713751958E0,-1.289732754E-4,-5.605872720E-4,-1.480891369E-3
7.723765958E0,4.457255825E-3,-4.258314148E-4,-1.524034422E-3
7.733779958E0,2.383049577E-4,-7.848306559E-4,-9.996630251E-5
7.743793958E0,3.336627036E-3,-1.177089289E-4,5.301376805E-4
7.753808958E0,2.000797540E-4,4.333606921E-4,3.457348794E-5
7.763822958E0,-1.772524789E-3,5.388217978E-4,-8.357479237E-4
7.773836958E0,-3.832560033E-4,-5.503366701E-4,5.424702540E-4
7.783850958E0,2.731842920E-3,2.206484787E-4,1.517453697E-3
7.793864958E0,-3.326866776E-3,-1.696469262E-4,1.109126024E-3
7.803878958E0,-1.611672342E-4,-2.631237730E-4,-5.598766729E-4
7.813892958E0,1.374954358E-3,-8.459743112E-4,-5.283141509E-4
7.823906958E0,-4.304032773E-4,-2.519504633E-3,7.707760669E-4
7.833920958E0,-1.501996070E-3,9.119277820E-5,9.048059583E-4
7.843934958E0,-4.295408726E-4,-2.309381030E-3,-1.939450391E-3
7.853948958E0,-1.455564052E-3,2.601172775E-3,-1.350753475E-3
7.863962958E0,-2.839874476E-3,2.072574571E-4,-1.103345770E-3
7.873976958E0,1.079656184E-3,-6.105792709E-4,-1.723002642E-3
7.883990958E0,-1.461531967E-3,-6.894087419E-4,-1.180517022E-3
7.894004958E0,-1.154677942E-3,-5.249856040E-4,1.944666496E-3
7.904018958E0,6.189867854E-4,1.561867073E-3,8.676843718E-4
7.914032958E0,2.665929496E-4,-1.426495146E-3,9.370129555E-5
7.924046958E0,-7.786974311E-4,-7.548453286E-4,2.897102386E-4
7.934060958E0,-3.154426813E-4,1.555990893E-3,-1.814952120E-4
7.944074958E0,-1.796958968E-3,-7.436485030E-4,4.099928774E-4
7.954088958E0,1.138100401E-3,-1.349817961E-3,1.327955630E-3
7.964102958E0,1.717602834E-3,1.165005378E-3,-2.386514097E-5
7.974116958E0,1.421738416E-3,4.637278616E-4,-3.369143233E-4
7.984130958E0,-2.458486706E-3,-1.382376067E-3,1.670309808E-3
7.994145958E0,3.272518516E-4,1.663518138E-3,5.435198545E-6
8.004159958E0,-6.091147661E-4,-8.792676963E-4,8.003888652E-4
8.014173958E0,2.356544137E-4,-7.525645196E-5,1.768819056E-3
8.024187958E0,-1.708187163E-3,5.404660478E-4,3.477503313E-3
8.034201958E0,-5.530584604E-4,-2.863285597E-3,1.850011759E-3
8.044215958E0,3.028361127E-3,-2.078185324E-3,9.932727553E-4
8.054229958E0,2.410730347E-3,-2.664452884E-3,9.408430196E-4
8.064243958E0,3.976136446E-3,-2.112646122E-3,1.805741340E-5
8.074257958E0,-9.807050228E-4,-1.117188483E-3,-1.812702976E-3
8.084271958E0,-1.203345135E-3,-2.895647194E-3,-4.337178543E-4
8.094285958E0,-5.427785218E-4,-1.229488757E-3,-3.622772172E-3
8.104299958E0,-5.286633968E-4,-2.399148885E-3,-2.225145698E-3
8.114313958E0,-9.833108634E-4,3.657820635E-4,-1.643413212E-3
8.124327958E0,-1.495169476E-3,4.872223362E-4,-4.475152120E-3
8.134341958E0,6.026327610E-4,-1.989747398E-3,-7.409336977E-4
8.144355958E0,1.336503774E-4,4.331963137E-4,-3.685324918E-3
8.154369958E0,6.578899920E-4,-6.406689063E-4,-1.246489584E-3
8.164383958E0,-1.538151875E-3,-1.542149112E-3,-5.290340632E-4
8.174397958E0,-2.895668149E-4,1.539236400E-3,1.027286984E-3
8.184411958E0,-7.652081549E-4,-3.546602093E-3,-1.707246993E-3
8.194425958E0,-1.140544191E-3,-4.601567052E-4,-1.003713813E-3
8.204439958E0,-1.209519804E-3,-1.474555116E-3,-1.959522255E-3
8.214456708E0,-4.798745736E-3,-1.375332009E-3,7.830094546E-6
8.224471708E0,-1.254305243E-4,1.778230071E-4,-2.078856342E-4
8.234485708E0,-8.359756321E-4,-2.880138345E-3,-1.769991592E-3
8.244499708E0,2.569854259E-4,1.579591539E-3,-1.089820173E-3
8.254513708E0,6.876979023E-4,-5.128220655E-4,1.948792487E-5
8.264527708E0,1.123124734E-3,-1.211368944E-3,-2.232380211E-5
8.274541708E0,2.453958616E-3,1.183265354E-3,-1.293633133E-3
8.284555708E0,1.224378124E-3,-2.170985565E-3,-1.619603951E-3
8.294569708E0,1.168008894E-3,-1.764482353E-3,1.266375184E-4
8.304583708E0,1.810416579E-4,1.480313018E-3,1.729860902E-3
8.314597708E0,8.185692132E-4,8.490774781E-4,-1.257156488E-3
8.324611708E0,1.724043861E-3,-1.704094931E-3,3.955981229E-3
8.334625708E0,5.043335259E-4,-1.123337541E-3,-1.749787480E-4
8.344639708E0,-1.024853438E-3,-3.957618028E-4,2.193104010E-3
8.354653708E0,4.039611667E-4,6.927005015E-4,1.645948272E-3
8.364667708E0,1.531543210E-3,-2.082580235E-3,-3.913701512E-4
8.374681708E0,1.228038222E-3,1.038402319E-3,1.190168783E-3
8.384695708E0,-4.936959594E-4,-1.455914229E-3,3.563844366E-3
8.394709708E0,1.804629341E-3,1.122055110E-3,-1.155307516E-3
8.404723708E0,2.075739205E-3,-2.084602602E-4,9.366055019E-4
8.414737708E0,2.071660012E-3,1.592291519E-4,7.061911747E-4
8.424751708E0,-1.672744751E-3,6.031780504E-4,2.162673976E-3
8.434766708E0,5.975738168E-5,-1.299749129E-4,-6.284792908E-4
8.444780708E0,4.537589848E-5,5.099824630E-4,-7.997206412E-4
8.454794708E0,-3.872642294E-3,1.937882043E-4,1.043011434E-4
8.464808708E0,-3.745798022E-4,-1.591594890E-3,3.298711963E-4
8.474822708E0,-5.057677627E-4,2.951016650E-4,6.487546489E-4
8.484836708E0,-1.056509092E-3,7.867212407E-4,5.265157670E-4
8.494850708E0,-1.715796068E-3,-2.344541717E-3,-1.217136160E-3
8.504864708E0,2.882331610E-4,5.718860775E-4,-1.548167318E-3
8.514878708E0,3.843344748E-4,-8.944026195E-4,1.108703203E-3
8.524892708E0,5.889497697E-5,1.969607547E-4,7.973797619E-4
8.534906708E0,-1.123536378E-3,-5.196249112E-4,-2.653035335E-4
8.544920708E0,-8.889846504E-5,-6.397338584E-4,3.242345992E-3
8.554934708E0,9.349044412E-4,-9.241676889E-4,-1.778039150E-4
8.564948708E0,-9.138621390E-4,1.478269696E-3,-1.912054606E-3
8.574962708E0,7.217228413E-4,6.024907343E-4,-2.370915376E-3
8.584976708E0,-4.551280290E-4,-4.835464060E-4,-2.388758585E-3
8.594990708E0,-1.142647117E-3,-1.841304358E-3,-2.406156622E-3
8.605004708E0,2.746861428E-4,-1.187231857E-3,2.273283433E-3
8.615018708E0,-7.013846189E-4,1.550319139E-3,-7.381159812E-4
8.625032708E0,3.045238554E-5,4.643201828E-5,-6.867167540E-4
8.635046708E0,-1.868136227E-3,1.831348054E-4,-3.173812293E-4
8.645061708E0,2.080630511E-4,-1.487200148E-3,-4.358920269E-4
8.655075708E0,1.548003405E-3,-4.401477054E-5,-4.276717082E-4
8.665089708E0,-8.845273405E-4,1.391428988E-3,8.338675834E-4
8.675103708E0,1.070365310E-3,2.972289454E-3,-2.542659175E-3
8.685117708E0,1.777701080E-3,-1.049882732E-3,-6.565265357E-5
8.695131708E0,-5.592778325E-5,7.839091122E-4,1.093628816E-3
8.705145708E0,-5.518086255E-4,-4.499331117E-4,-5.189152434E-4
8.715159708E0,-6.113462150E-4,1.598251984E-3,1.719360705E-3
8.725173708E0,-2.704933286E-5,5.199378356E-4,1.989621669E-4
8.735187708E0,8.490942419E-4,1.822282560E-3,-2.799588256E-3
8.745201708E0,-7.386840880E-4,-2.639844082E-3,-9.833127260E-4
8.755215708E0,6.327182055E-4,7.898909971E-4,-1.305330545E-3
8.765229708E0,-2.481602132E-5,-1.873536035E-3,5.713989958E-4
8.775243708E0,-7.083937526E-4,-6.572343409E-4,-1.110884361E-3
8.785257708E0,5.265139043E-4,1.125485636E-3,1.085157972E-3
8.795271708E0,3.180932254E-4,-2.226825338E-3,1.459911000E-3
8.805285708E0,-1.843329519E-3,7.993248291E-4,-3.017699346E-4
8.815299708E0,1.581240445E-3,-1.103801653E-3,-1.263326500E-3
8.825314708E0,-2.276152372E-6,1.954838634E-3,-4.297574051E-4
8.835328708E0,-1.871213317E-5,2.922168933E-4,1.644436270E-4
8.845342708E0,2.749642357E-3,6.398372352E-5,-1.434252132E-3
8.855356708E0,2.145621926E-3,2.732826397E-4,-1.269976608E-3
8.865370708E0,1.651871949E-3,1.658925321E-3,1.225904562E-4
8.875384708E0,3.181003034E-3,1.672429033E-3,1.090778969E-4
8.885398708E0,-5.365032703E-4,8.966503665E-4,1.102437265E-3
8.895412708E0,-7.515456527E-4,-1.134603284E-3,6.591994315E-4
8.905426708E0,-5.052033812E-4,7.344032638E-4,-2.494710498E-4
8.915440708E0,-1.300051808E-3,-1.237518154E-4,1.146924216E-3
8.925454708E0,-2.957731485E-4,-1.012182329E-3,-1.314887777E-5
8.935468708E0,-1.148860902E-3,1.142075285E-3,-3.363466822E-4
8.945482708E0,1.255175099E-3,-6.504985504E-4,-1.627447084E-3
8.955496708E0,1.278651878E-3,4.786327481E-4,-2.255513333E-3
8.965510708E0,1.221660525E-3,-3.027385101E-4,-5.500246771E-4
8.975524708E0,8.659232408E-4,-1.039905474E-4,-5.649570376E-4
8.985538708E0,-1.964122057E-4,-1.215594355E-3,-8.038422093E-4
8.995552708E0,-2.230893821E-3,8.675893769E-4,1.675775275E-3
9.005566708E0,-1.430613920E-3,3.568833461E-3,5.508558825E-4
9.015580708E0,2.299247310E-3,1.473508310E-3,1.067911275E-3
9.025594708E0,-9.306892753E-5,-1.226924360E-5,1.978179440E-3
9.035609708E0,7.675215602E-4,9.834277444E-4,2.092854120E-4
9.045623708E0,-5.635265261E-4,-1.171336509E-3,-2.027056180E-4
9.055637708E0,-1.574892551E-3,7.495065220E-4,-4.589729942E-4
9.065651708E0,1.263236627E-3,-2.941861749E-4,5.255979486E-4
9.075665708E0,1.731421798E-4,-1.742318273E-4,7.320842706E-4
9.085679708E0,1.115901396E-3,-4.991372116E-4,-6.652763113E-4
9.095693708E0,2.056788653E-3,-2.871613018E-3,7.455730811E-4
9.105707708E0,-2.455133945E-4,-1.239094883E-3,1.807375345E-3
9.115721708E0,-1.159353182E-3,-1.876428258E-3,1.313320361E-3
9.125735708E0,4.165638238E-3,-7.903911173E-4,4.022531211E-4
9.135749708E0,-3.118421882E-4,-1.119929366E-4,1.159077976E-3
9.145763708E0,-1.311326399E-3,2.352832817E-4,-7.104608230E-4
9.155777708E0,-1.717148349E-3,-1.904388890E-3,7.385583594E-4
9.165791708E0,-2.598922700E-3,1.282615587E-3,3.633191809E-4
9.175805708E0,5.548596382E-4,2.718846314E-3,-2.438232303E-3
9.185819708E0,1.717062667E-3,-2.308934927E-3,2.156076953E-4
9.195833708E0,-3.070663661E-4,-1.706146169E-3,-2.633356489E-3
9.205847708E0,7.360931486E-4,-4.190609325E-3,5.126358010E-4
9.215862500E0,-4.842933267E-4,-1.314559486E-3,2.947229426E-3
9.225877500E0,-9.037423879E-4,-2.289009746E-3,7.314607501E-5
9.235891500E0,-1.172944903E-3,-4.486939870E-4,-2.566906624E-3
9.245905500E0,1.435622573E-3,1.633631531E-3,-7.825884968E-4
9.255919500E0,8.550528437E-4,1.502432860E-3,-2.792547457E-4
9.265933500E0,1.987162977E-3,1.581795048E-3,-2.150721848E-4
9.275947500E0,4.784017801E-5,-4.891925491E-4,6.933575496E-4
9.285961500E0,1.273693517E-3,-8.971891366E-4,9.471569210E-4
9.295975500E0,-3.112368286E-4,1.996167004E-3,1.436676830E-3
9.305989500E0,-2.195155248E-3,9.005428292E-4,-1.729022712E-3
9.316003500E0,-1.710690558E-3,7.064407691E-4,-4.936405458E-4
9.326017500E0,2.213744447E-3,-3.004674334E-3,-3.226655535E-4
9.336031500E0,7.373206317E-4,2.105269581E-3,-1.423008740E-3
9.346045500E0,-4.144962877E-4,1.811357215E-4,-7.209992036E-4
9.356059500E0,-8.150320500E-4,-5.255579017E-4,2.060998231E-4
9.366073500E0,1.012163237E-3,2.737613395E-3,1.826100517E-3
9.376087500E0,-1.890279353E-3,-1.049960498E-3,-1.536491793E-3
9.386101500E0,-6.162244827E-4,-3.218525089E-4,1.174073666E-3
9.396115500E0,1.458337530E-3,-1.184017397E-3,-2.432120964E-4
9.406130500E0,-1.602966338E-3,2.639749553E-3,-1.706885174E-3
9.416144500E0,-2.225542441E-3,-3.803110681E-3,2.032398712E-3
9.426158500E0,4.416126758E-4,2.479020040E-3,-4.667113535E-4
9.436172500E0,7.752701640E-5,2.311519347E-4,-1.900424249E-4
9.446186500E0,4.341229796E-4,-2.159035299E-3,2.027736045E-4
9.456200500E0,-1.585092396E-4,7.825419307E-4,1.248207409E-3
9.466214500E0,-1.921523362E-3,4.805396311E-4,1.551275142E-3
9.476228500E0,-6.381049752E-5,4.853093997E-4,-2.438742667E-4
9.486242500E0,6.342045963E-4,2.497327514E-3,4.157908261E-4
9.496256500E0,-2.925354987E-3,1.203656662E-3,-2.107335255E-3
9.506270500E0,-6.294436753E-4,9.266878478E-4,-1.109981444E-3
9.516284500E0,3.612004220E-4,7.732855156E-4,1.002114266E-3
9.526298500E0,-1.675052568E-3,-1.976428088E-3,3.397860564E-4
9.536312500E0,1.217173412E-3,-2.742530778E-4,-5.826624110E-4
9.546326500E0,2.462733537E-3,-1.609029248E-3,5.433224142E-4
9.556340500E0,3.677401692E-4,3.739260137E-6,-3.532897681E-4
9.566354500E0,-2.771859989E-3,7.118736394E-4,-4.489533603E-5
9.576368500E0,7.929429412E-4,-1.987426542E-3,-1.437106170E-3
9.586383500E0,-3.566918895E-3,-8.806167170E-4,-5.249734968E-4
9.596397500E0,2.506803721E-4,-4.533985630E-4,-1.631535124E-3
9.606411500E0,-3.021918237E-4,-2.391114831E-3,-3.789970651E-5
9.616425500E0,-2.401037142E-3,-5.218675360E-4,1.377142966E-3
9.626439500E0,-1.703288406E-3,-2.015634906E-3,-1.203992870E-3
9.636453500E0,-1.105060801E-3,1.360567752E-3,-1.178755891E-3
9.646467500E0,4.590135068E-4,-1.009912230E-3,-2.043484244E-3
9.656481500E0,-6.271637976E-4,8.695591241E-4,-1.253839582E-5
9.666495500E0,-2.247164026E-3,2.016383223E-4,1.959798392E-3
9.676509500E0,-1.241330057E-3,2.528685145E-4,-1.668700017E-3
9.686523500E0,2.080695704E-3,-4.621902481E-4,-1.251315698E-4
9.696537500E0,1.400096342E-3,-8.019711822E-4,-7.299375720E-4
9.706551500E0,-2.707829699E-3,-1.403047238E-3,-6.223456003E-4
9.716565500E0,7.832981646E-5,1.004937571E-3,-1.270088833E-3
9.726579500E0,-1.739276573E-3,-5.465932190E-6,-4.216060042E-4
9.736593500E0,1.140192151E-3,6.574396975E-4,2.188122598E-3
9.746607500E0,1.590000466E-3,1.664114650E-3,-4.851585254E-4
9.756621500E0,4.598461092E-4,-1.089524478E-3,-5.300533958E-4
9.766636500E0,2.179449424E-3,-1.010161825E-3,1.560527831E-3
9.776650500E0,-7.944665849E-4,5.966112949E-4,2.851488534E-3
9.786664500E0,2.828765661E-3,-6.036753766E-4,-2.545560710E-4
9.796678500E0,1.511406153E-4,5.448698066E-4,-5.174060352E-4
9.806692500E0,-4.896167666E-4,5.715014413E-4,4.376033321E-4
9.816706500E0,9.251218289E-4,2.564976458E-3,-1.378721092E-3
9.826720500E0,2.220483497E-3,-7.716980763E-4,7.688519545E-4
9.836734500E0,-2.999477088E-3,1.906812657E-3,-1.599861775E-3
9.846748500E0,-1.269487664E-3,1.019886695E-4,2.120840596E-3
9.856762500E0,1.831538975E-4,1.143704634E-3,-3.476333804E-4
9.866776500E0,9.365621954E-4,-9.748400189E-4,-5.868030712E-5
9.876790500E0,3.114074469E-3,-6.001880392E-4,-9.875781834E-4
9.886804500E0,3.922343254E-3,-2.840766683E-5,1.480106730E-3
9.896818500E0,1.102076843E-3,2.088079229E-3,2.770749852E-4
9.906832500E0,-1.642573625E-4,1.609508879E-3,-8.286694065E-4
9.916846500E0,1.084594056E-3,3.092028201E-4,6.940490566E-4
9.926860500E0,-1.612389460E-3,1.845671795E-4,2.363584936E-3
9.936874500E0,-1.022463664E-3,-9.486405179E-5,3.894274123E-4
9.946888500E0,-8.373744786E-4,-7.835216820E-5,-7.354915142E-4
9.956903500E0,-1.413634047E-3,1.345199067E-3,2.661640756E-4
9.966917500E0,-4.599560052E-4,6.828708574E-4,3.060885239E-3
9.976931500E0,-1.601733267E-3,3.198715858E-4,-4.268563353E-4
9.986945500E0,1.168753952E-3,-1.803999767E-3,3.382698633E-4
9.996959500E0,-2.206863835E-3,-4.664496519E-4,2.096765675E-4
1.000697350E1,-9.710714221E-5,1.198824961E-3,-4.572048783E-5
1.001698750E1,1.607643440E-3,-1.476509031E-3,-1.074541360E-3
1.002700150E1,-1.696806401E-3,-9.441431612E-4,-1.011956949E-3
1.003701550E1,-8.939355612E-4,4.776385613E-4,-3.290532622E-3
1.004702950E1,-3.759507090E-4,-3.154510632E-4,-1.157873310E-3
1.005704350E1,-9.037870914E-4,-8.134660311E-4,-1.086947974E-3
1.006705750E1,-3.367211670E-3,-2.078632824E-4,-3.018481657E-4
1.007707150E1,3.180447966E-4,7.870243862E-4,-1.491705421E-3
1.008708550E1,-2.528607845E-3,-1.765615307E-3,-5.611968227E-4
1.009709950E1,-2.303173766E-3,-1.723272726E-5,-2.557496075E-3
1.010711350E1,7.795915008E-5,1.461620443E-3,-2.609427553E-3
1.011712750E1,2.899937332E-3,-3.112698905E-4,7.243389264E-4
1.012714150E1,1.088455319E-3,-7.392396219E-4,2.471003681E-4
1.013715550E1,-6.284546107E-4,-7.864087820E-6,-2.087234985E-3
1.014717050E1,-9.715370834E-5,1.244354527E-3,2.334439196E-4
1.015718450E1,-3.248816356E-3,2.835243009E-3,5.359319039E-4
1.016719850E1,-2.192873508E-3,2.073579002E-3,7.295436226E-4
1.017721250E1,-3.164540976E-4,5.891160108E-4,-5.779284984E-4
1.018722650E1,-6.062053144E-4,-1.925216056E-4,1.126760617E-3
1.019724050E1,1.080464572E-4,1.373679377E-3,1.400182489E-3
1.020725450E1,1.446286216E-3,-1.038611867E-3,2.438379452E-4
1.021726433E1,-2.874843776E-4,3.426619805E-4,7.804953493E-4
1.022727833E1,2.136524767E-3,-1.633669250E-3,-1.484256703E-3
1.023729233E1,1.279409975E-3,-4.493310116E-4,8.157957345E-4
1.024730633E1,-3.765948117E-3,-3.251242451E-3,1.861619297E-3
1.025732033E1,3.395151347E-3,-4.539373331E-4,3.063632175E-5
1.026733433E1,2.523567528E-4,7.434198633E-4,-6.836233661E-4
1.027734833E1,-2.109184861E-4,-4.398507066E-3,-3.202236257E-4
1.028736233E1,-1.467354596E-4,7.307408378E-4,1.358632930E-3
1.029737633E1,-2.249309793E-3,4.006416537E-3,-6.350195035E-4
1.030739033E1,1.478008926E-4,2.020763233E-3,-2.682724036E-3
1.031740433E1,6.253458560E-4,-1.220963895E-6,-2.437932417E-4
1.032741833E1,-1.204511151E-3,-7.692766376E-4,2.337116748E-4
1.033743333E1,-1.574177295E-4,-8.200411685E-4,-1.397754066E-3
1.034744733E1,1.874621958E-4,7.786545902E-4,1.060343813E-3
1.035746133E1,1.963827759E-3,4.121358506E-4,6.896238774E-4
1.036747533E1,1.852506772E-3,2.794865984E-3,-1.045425422E-3
1.037748933E1,3.681423143E-3,-1.529443078E-3,2.559903311E-3
1.038750333E1,-2.824254334E-4,-2.886760049E-4,-6.007361226E-4
1.039751733E1,3.461446613E-4,-1.054824796E-3,4.895469174E-4
1.040753133E1,-2.787863836E-3,1.574514434E-3,-6.739883684E-4
1.041754533E1,-6.764829159E-4,1.133560203E-3,-1.579646487E-3
1.042755933E1,-2.588897943E-3,1.151673496E-4,-1.497620717E-3
1.043757333E1,-1.086570323E-3,-2.281917725E-3,-1.472902950E-3
1.044758733E1,-6.671231240E-4,-1.668357290E-4,-6.488990039E-5
1.045760133E1,-4.352107644E-4,1.386287622E-4,-1.734514721E-3
1.046761533E1,-2.471916378E-4,-1.628112514E-3,-1.452751923E-3
1.047762933E1,4.075437784E-3,-1.089380123E-3,-2.285287715E-3
1.048764333E1,1.968611032E-3,4.730960354E-4,-2.219241112E-3
1.049765733E1,-6.374698132E-4,3.230287693E-4,-1.440486405E-3
1.050767133E1,-1.234803349E-4,1.325975638E-3,-2.587242983E-3
1.051768533E1,-1.871287823E-3,-6.150235422E-4,-7.864967920E-4
1.052770033E1,-1.396447420E-3,7.889699191E-6,6.326474249E-6
1.053771433E1,1.246312633E-3,-6.548417732E-4,-1.736063045E-3
1.054772833E1,9.586904198E-4,-2.165120095E-3,-1.128329895E-3
1.055774233E1,1.984573901E-4,5.567399785E-4,1.320041250E-3
1.056775633E1,2.948971465E-3,-3.181863576E-5,-9.894520044E-4
1.057777033E1,5.441805348E-3,-1.641235780E-3,-1.104151364E-3
1.058778433E1,-6.578993052E-4,8.096713573E-4,-2.157165203E-3
1.059779833E1,-1.670287922E-3,-5.254894495E-4,-2.944762819E-4
1.060781233E1,1.884499565E-3,4.449668340E-4,1.730857883E-3
1.061782633E1,-3.626365215E-4,3.859805875E-4,3.557627089E-3
1.062784033E1,-1.640688628E-3,1.436327584E-4,1.222833991E-3
1.063785433E1,1.206874847E-3,-4.295548424E-4,-1.724450849E-4
1.064786833E1,1.888910308E-3,6.362423301E-4,-2.834992483E-4
1.065788233E1,2.241734415E-3,-6.075282581E-4,6.041126326E-4
1.066789633E1,1.146681607E-4,2.613298595E-3,1.898142509E-3
1.067791033E1,2.803508192E-3,1.602629200E-3,-5.034962669E-5
1.068792433E1,-1.332914457E-3,2.193850931E-3,-1.330531202E-3
1.069793833E1,-1.575797796E-5,4.147132859E-4,7.436615415E-4
1.070795233E1,-3.226997331E-3,-2.731279004E-3,8.182302117E-4
1.071796633E1,2.584420145E-5,1.426192001E-3,3.231549636E-5
1.072798133E1,3.942474723E-5,1.422818750E-4,1.299181022E-3
1.073799533E1,8.291881531E-4,2.093563788E-3,3.084203927E-3
1.074800933E1,2.651307732E-4,6.027258933E-4,3.259439720E-3
1.075802333E1,-1.245215535E-4,1.941225491E-4,4.767272621E-4
1.076803733E1,-9.692758322E-4,-7.991679013E-5,1.991533209E-3
1.077805133E1,-1.857098192E-3,1.086732838E-3,9.827497415E-4
1.078806533E1,-2.121815458E-3,1.431079581E-3,-2.072937787E-5
1.079807933E1,-7.346142083E-4,3.137233201E-3,-5.548130721E-4
1.080809333E1,-1.314384863E-3,2.548141871E-3,-1.452032477E-3
1.081810733E1,-1.451212913E-3,3.718105145E-4,2.968730405E-5
1.082812133E1,2.388533205E-3,1.666639466E-3,4.139817320E-4
1.083813533E1,2.183262259E-4,-3.356812522E-4,2.074855613E-3
1.084814933E1,6.223283708E-4,3.143963404E-4,-2.530133352E-4
1.085816333E1,1.636946574E-3,-6.614527665E-4,-7.625273429E-4
1.086817733E1,-6.049014628E-4,1.446173061E-3,4.798374139E-4
1.087819133E1,-2.659857273E-5,9.501539171E-5,2.205398632E-3
1.088820533E1,-1.416768879E-3,-1.465333626E-4,1.300190110E-3
1.089821933E1,-1.028090715E-3,-8.755465969E-4,-2.180419397E-3
1.090823333E1,5.796588957E-4,-1.893672626E-3,-1.184397377E-3
1.091824733E1,-1.544004306E-3,1.411434729E-3,1.264782622E-4
1.092826133E1,-1.552792266E-3,6.350688636E-6,1.064177137E-3
1.093827633E1,5.081165582E-4,-2.179106232E-3,9.114132263E-4
1.094829033E1,1.092148945E-3,1.474217977E-3,-1.181648113E-4
1.095830433E1,-3.631487489E-4,1.337771304E-3,1.013154630E-3
1.096831833E1,1.119598746E-4,5.233767442E-4,-3.301166464E-3
1.097833233E1,-4.784259945E-4,1.813190524E-3,-2.555395011E-3
1.098834633E1,2.013759688E-3,2.256873064E-3,9.019202553E-4
1.099836033E1,-4.521086812E-4,2.826920711E-3,1.101309434E-3
1.100837433E1,-4.446525127E-4,2.148613334E-3,-4.901955836E-4
1.101838833E1,7.597841322E-4,2.250159159E-4,-8.479133248E-5
1.102840233E1,1.484695822E-3,-2.395268530E-3,1.540002879E-3
1.103841633E1,-3.518033773E-4,-7.665334269E-4,-3.364789300E-3
1.104843033E1,3.901533782E-4,5.261651240E-4,4.179645330E-4
1.105844433E1,2.394381911E-3,-1.272215042E-3,1.506750472E-3
1.106845833E1,7.144585252E-4,9.107785299E-4,2.603279427E-5
1.107847233E1,-1.516442746E-3,-1.816632226E-3,-1.389612909E-3
1.108848633E1,1.320540905E-4,-1.830213703E-3,1.304973848E-3
1.109850033E1,6.690304726E-4,4.558528773E-3,-1.484143082E-3
1.110851433E1,-2.955663949E-4,2.591218799E-4,-3.184773959E-4
1.111852833E1,-2.482309937E-4,-2.668247558E-3,-3.623249941E-4
1.112854233E1,-6.405152380E-4,1.050057821E-3,8.472828194E-4
1.113855633E1,-1.314777881E-3,1.597436611E-3,6.609577686E-4
1.114857133E1,8.341260254E-4,-8.793030865E-4,-4.333350807E-4
1.115858533E1,3.103340045E-3,-1.128195319E-3,9.367926978E-4
1.116859933E1,-8.091088384E-4,-5.284515209E-4,2.426032443E-3
1.117861333E1,1.276904717E-3,-9.812000208E-4,-3.070384264E-4
1.118862733E1,-5.316473544E-4,2.473164350E-4,2.927053720E-4
1.119864133E1,-1.562040299E-3,-7.023569196E-4,-6.738873199E-4
1.120865533E1,-1.215375960E-4,-1.754571684E-3,1.057966147E-3
1.121866933E1,-2.213492990E-4,2.476629801E-3,-3.543961793E-5
1.122868333E1,-1.723106951E-3,1.547186635E-3,3.182282671E-4
1.123869733E1,-1.604005694E-3,-5.065025762E-4,1.132918056E-3
1.124871133E1,-2.378039062E-4,-9.083733894E-4,-3.105155192E-4
1.125872533E1,1.456495374E-4,-6.290622987E-4,-2.570382319E-3
1.126873933E1,3.012275323E-3,-3.517745063E-5,-8.337348700E-4
1.127875333E1,1.653837040E-3,-5.487590097E-4,2.088467591E-4
1.128876733E1,1.198168844E-3,-1.096837688E-3,-1.161882188E-3
1.129878133E1,2.321626991E-3,1.366576646E-3,1.794556156E-4
1.130879533E1,8.212011307E-4,5.521820858E-4,-1.311648637E-3
1.131880933E1,-8.908808231E-4,5.873776972E-4,6.268303841E-4
1.132882333E1,1.722536981E-4,-4.318137653E-4,5.219019949E-4
1.133883733E1,-2.240935341E-3,1.052361447E-3,-1.047618687E-3
1.134885133E1,-1.773018390E-3,1.229195390E-3,-1.346425153E-3
1.135886633E1,1.373413950E-3,7.382780313E-5,-1.395781524E-3
1.136888033E1,-2.825390548E-4,-1.847109757E-3,-1.718290616E-3
1.137889433E1,-2.773683518E-4,-2.147895284E-3,7.415451109E-4
1.138890833E1,-1.216132194E-3,-1.292196102E-4,-9.476980194E-4
1.139892233E1,2.586711198E-4,-1.016630325E-3,-9.211651050E-4
1.140893633E1,3.177933395E-4,2.946419409E-3,-1.640485134E-3
1.141895033E1,-4.260595888E-4,4.699132405E-4,-7.450254634E-5
1.142896433E1,-8.638817817E-4,-7.310556248E-5,3.524226835E-3
1.143897833E1,4.669241607E-4,4.214439541E-4,1.974412007E-3
1.144899233E1,-1.468127593E-3,3.295647912E-4,-8.660834283E-5
1.145900633E1,2.446817234E-3,-1.678369008E-3,-1.785964239E-3
1.146902033E1,-6.677489728E-4,2.383082174E-4,8.063567802E-4
1.147903433E1,-4.674866796E-4,-8.891322650E-4,-1.552287024E-3
1.148904833E1,1.178879291E-3,-6.521111354E-4,3.193826415E-4
1.149906233E1,-1.333186403E-3,-8.250023238E-4,-1.469026785E-3
1.150907633E1,1.029836014E-3,4.010765813E-3,-8.692829870E-4
1.151909033E1,6.723552942E-4,1.420632936E-3,-1.916266046E-4
1.152910433E1,2.852685750E-3,-1.646263059E-3,-3.018812276E-4
1.153911833E1,7.922332734E-4,2.556815743E-4,1.778831240E-3
1.154913233E1,1.518476754E-3,1.449576579E-3,9.782849811E-4
1.155914633E1,2.018362284E-4,2.354204189E-3,5.503538996E-4
1.156916033E1,-2.112982795E-3,2.271379810E-3,-6.970707327E-4
1.157917433E1,-1.557700336E-3,-5.616550334E-4,1.368124969E-3
1.158918933E1,-1.352371648E-3,1.628262457E-3,6.922148168E-4
1.159920333E1,5.864668638E-4,-1.206091605E-3,-1.063535921E-3
1.160921733E1,3.667566925E-4,-1.991990022E-3,-6.777979434E-5
1.161923133E1,3.792569041E-4,1.403041650E-3,-2.687331289E-4
1.162924533E1,3.367589787E-3,-2.389566507E-3,-9.624864906E-4
1.163925933E1,1.453636214E-3,-1.169414725E-3,-5.267299712E-4
1.164927333E1,-2.700095996E-3,1.603020355E-4,1.201661769E-3
1.165928733E1,-1.668225974E-3,-8.537448011E-4,-1.912816428E-3
1.166930133E1,3.251507878E-4,-8.140639402E-4,1.418531872E-3
1.167931533E1,-1.325068995E-3,-5.181846209E-4,-8.109742776E-4
1.168932933E1,-2.968771383E-3,2.906173468E-4,1.286264975E-3
1.169934333E1,-7.542259991E-4,1.312004868E-3,9.011486545E-4
1.170935733E1,2.223720774E-3,4.677828401E-4,-5.718460307E-4
1.171937133E1,-1.646982506E-3,2.335578203E-3,-1.069479622E-4
1.172938533E1,9.112507105E-4,1.104931347E-3,-4.017595202E-4
1.173939933E1,8.916705847E-4,1.105568837E-3,-6.912988611E-4
1.174941333E1,1.902606338E-3,6.011663936E-4,-1.160562970E-4
1.175942733E1,-1.865532249E-4,4.344498739E-4,1.278765500E-3
1.176944133E1,-1.458078623E-4,-1.528300345E-3,2.185305580E-3
1.177945533E1,1.160275191E-3,-1.479471102E-3,1.185821835E-3
1.178946933E1,2.121143043E-3,4.918007180E-4,-4.022209905E-4
1.179948333E1,1.474862918E-3,-9.565427899E-4,-1.907865517E-4
1.180949733E1,1.054616645E-3,-3.054314759E-3,8.425200358E-4
1.181951133E1,4.250280559E-3,6.667845882E-4,6.397240795E-4
1.182952633E1,-2.629794180E-4,-1.288774423E-3,-5.387249403E-4
1.183954033E1,1.844318584E-3,5.636154674E-4,5.161049776E-4
1.184955433E1,-1.092350110E-3,1.508238725E-3,1.073771156E-3
1.185956833E1,-2.891462296E-3,-3.569899127E-5,-5.523026921E-4
1.186958233E1,-5.172546953E-4,-1.993921120E-3,-1.361371018E-3
1.187959633E1,2.169324085E-3,3.020567819E-4,9.225290269E-4
1.188961033E1,1.091010869E-3,1.819525845E-3,-5.582347512E-6
1.189962433E1,-4.657097161E-4,-2.161506563E-4,-1.126842108E-3
1.190963833E1,-1.394353807E-3,-7.634302601E-4,1.305156387E-3
1.191965233E1,1.124881208E-3,3.516199067E-4,-2.239594702E-3
1.192966633E1,1.216759905E-3,-5.770246498E-4,-1.611354761E-3
1.193968033E1,4.137866199E-5,2.086324152E-3,1.167969313E-3
1.194969433E1,-1.797800884E-3,2.094047610E-3,-5.779988132E-4
1.195970833E1,7.912497967E-4,1.357330009E-3,-1.483466476E-3
1.196972233E1,7.206760347E-4,6.689028814E-4,1.398606226E-3
1.197973633E1,1.160271466E-3,1.420672517E-3,1.617573667E-3
1.198975033E1,-4.975460470E-4,-2.832661849E-3,7.949229330E-4
1.199976433E1,1.715743914E-3,-4.826467484E-4,1.422521658E-3
1.200977833E1,-1.829987392E-3,-4.144697450E-4,-2.323663794E-4
1.201979233E1,-9.099859744E-4,5.706050433E-4,-4.905560054E-4
1.202980633E1,-1.118777320E-3,-3.133852500E-3,-1.653292216E-3
1.203982033E1,-1.366550103E-3,1.331943553E-3,1.576070674E-3
1.204983433E1,-4.288516939E-4,1.271223649E-3,-3.114668652E-5
1.205984933E1,-1.887505874E-3,-1.238936093E-3,-2.605471760E-3
1.206986333E1,1.410227269E-4,-1.281686127E-5,4.943367094E-5
1.207987733E1,2.217981964E-4,3.691404127E-4,-4.591918550E-4
1.208989133E1,1.408502460E-3,4.072235897E-4,1.878531184E-3
1.209990533E1,1.129860058E-3,-1.055377536E-3,6.767772138E-4
1.210991933E1,4.323776811E-4,-5.496433005E-4,-3.472082317E-4
1.211993333E1,4.886649549E-5,-1.247167122E-3,-1.745380461E-3
1.212994733E1,-1.158609986E-3,2.159732394E-4,-2.646627836E-4
1.213996133E1,-1.309236512E-3,-4.037283361E-5,-1.471522264E-3
1.214997533E1,-3.073846921E-3,-1.016421709E-3,-2.738387790E-3
1.215998933E1,-1.166071743E-3,-1.368988305E-4,-2.452325542E-3
1.217000333E1,1.124512404E-3,-8.650068194E-4,-5.534915254E-4
1.218001733E1,2.013858408E-3,-2.265647054E-4,-3.854297101E-4
1.219003133E1,-3.952365369E-4,-6.329631433E-4,-7.231188938E-4
1.220004533E1,1.505646855E-3,-6.544427015E-4,-3.724968992E-4
1.221005933E1,2.282490954E-3,-1.653394662E-3,1.675924286E-4
1.222007363E1,-1.777864993E-3,9.074858390E-4,-2.921270207E-4
1.223008763E1,1.847762614E-3,-5.641770549E-4,-1.115842722E-3
1.224010163E1,-3.510460258E-3,1.553174108E-3,-6.437711418E-4
1.225011563E1,-3.090742975E-4,-6.175688468E-4,-1.993993763E-3
1.226012963E1,-5.320571363E-4,2.935109660E-5,3.871647641E-5
1.227014363E1,-2.838503569E-4,-1.815715805E-4,2.496391535E-4
1.228015763E1,2.873750404E-3,-9.344904684E-4,1.217035577E-3
1.229017263E1,1.457747072E-3,-3.627096303E-4,9.975912981E-4
1.230018663E1,1.446532086E-3,-3.967541270E-4,-2.022953704E-4
1.231020063E1,1.453990117E-3,-1.301714219E-4,-7.578306831E-4
1.232021463E1,-4.776436836E-4,-2.425784711E-3,-7.696994580E-4
1.233022863E1,-3.029750660E-3,1.657906454E-3,-7.726289332E-4
1.234024263E1,-1.405520365E-3,1.628288999E-3,-2.586388495E-3
1.235025663E1,-1.849468797E-3,1.750528347E-3,-1.669995021E-3
1.236027063E1,5.539841950E-4,1.667445526E-3,8.123852313E-4
1.237028463E1,1.866122708E-3,-6.433795206E-4,-1.748244278E-3
1.238029863E1,-4.753451794E-4,-1.110769808E-4,-1.330079976E-3
1.239031263E1,3.550276160E-4,-1.651449595E-3,-1.263315789E-4
1.240032663E1,2.123132348E-3,-1.728791278E-3,-2.921209671E-4
1.241034063E1,1.339096576E-3,-8.462197147E-4,3.017638810E-4
1.242035463E1,1.390399411E-3,-2.005311660E-3,-1.762464177E-3
1.243036863E1,5.158167332E-4,2.882028930E-4,1.013081986E-3
1.244038263E1,-2.459846437E-4,-1.559043303E-3,1.051370054E-3
1.245039663E1,2.781245857E-4,-8.104289882E-4,1.017814502E-3
1.246041063E1,2.024535090E-3,-8.674408309E-4,-5.614738911E-4
1.247042463E1,2.213083208E-4,1.023403369E-3,-2.910802141E-5
1.248043863E1,8.803848177E-4,-1.950094011E-3,-5.595665425E-4
1.249045263E1,7.869079709E-4,-7.761726156E-4,-5.736812018E-4
1.250046663E1,-4.626158625E-4,-5.223765038E-4,-4.438366741E-4
1.251048163E1,-4.427530803E-3,-2.393779811E-3,4.539149813E-4
1.252049563E1,8.963886648E-4,-1.656251028E-3,2.162279561E-4
1.253050963E1,3.239970654E-3,1.461766660E-4,1.488500275E-4
1.254052363E1,1.963213086E-3,-4.519768991E-4,-2.880939282E-4
1.255053763E1,2.148834988E-3,-1.399529632E-3,-1.400229987E-3
1.256055163E1,1.243663952E-3,1.871644985E-3,-1.106315292E-3
1.257056563E1,5.738791078E-4,5.350494757E-5,-1.418437809E-3
1.258057963E1,-1.252982765E-3,8.149230853E-4,2.151189372E-3
1.259059363E1,-2.244692296E-4,3.531347262E-3,-2.472857479E-3
1.260060763E1,-2.712829039E-3,5.666492507E-5,3.729946911E-7
1.261062163E1,-4.803016782E-4,-6.056632847E-4,-3.604856320E-4
1.262063563E1,-1.642450690E-3,6.407033652E-5,-8.845049888E-5
1.263064963E1,8.223056793E-4,1.506971195E-3,-1.159573905E-3
1.264066363E1,-1.346603036E-3,-2.613719087E-3,-1.019880176E-3
1.265067763E1,-9.172223508E-5,-6.054667756E-5,-5.583544262E-4
1.266069163E1,3.710065037E-3,3.473848337E-3,-1.070516650E-3
1.267070563E1,-8.543264121E-4,-1.769915689E-3,-1.019117422E-3
1.268071963E1,1.190731302E-3,-1.170263626E-3,1.068362035E-4
1.269073363E1,1.018423587E-3,1.697694417E-3,-2.087075729E-3
1.270074763E1,-2.002056688E-3,7.962356322E-4,-1.508276910E-4
1.271076263E1,7.575098425E-4,2.254049759E-3,-2.184719779E-4
1.272077663E1,-3.889864311E-3,-7.679448463E-4,-1.995923463E-3
1.273079063E1,-1.335093752E-3,-4.741977900E-4,-3.230564296E-3
1.274080463E1,-6.519593298E-4,1.472710632E-3,-1.614937093E-3
1.275081863E1,1.635164022E-3,-1.976238564E-4,-1.215196680E-3
1.276083263E1,-9.965524077E-4,-1.205635257E-3,-2.014609054E-4
1.277084663E1,-3.779008985E-4,3.387317993E-4,-1.669927966E-3
1.278086063E1,-2.842564136E-4,6.694304757E-4,1.011608634E-3
1.279087463E1,-2.921584994E-3,3.322744742E-4,1.601958647E-4
1.280088863E1,-4.718750715E-4,4.123849794E-5,1.155429985E-3
1.281090263E1,7.313396782E-4,8.886563592E-4,1.225205138E-3
1.282091663E1,1.377306879E-3,-3.212094307E-4,-6.703250110E-4
1.283093063E1,1.610424370E-4,2.770986874E-3,8.663190529E-4
1.284094463E1,2.692043781E-4,-1.577890478E-3,2.896650694E-4
1.285095863E1,-1.601133496E-3,-9.712222964E-4,3.932621330E-4
1.286097262E1,2.086682245E-3,3.473800607E-4,1.604728401E-3
1.287098663E1,1.996666193E-3,2.128905617E-4,7.772841491E-4
1.288100063E1,1.305514947E-3,8.499114774E-4,-2.931337804E-6
1.289101463E1,-1.178149134E-3,-3.074984998E-4,-1.214421354E-4
1.290102863E1,-8.346214890E-4,-4.273047671E-5,3.982954659E-4
1.291104263E1,3.227889538E-4,-4.579173401E-4,-3.841705620E-6
1.292105763E1,-1.039424911E-3,-4.148329608E-4,2.212134888E-3
1.293107163E1,-2.279598266E-4,4.988973960E-4,2.320791828E-3
1.294108563E1,9.155571461E-4,-4.660650156E-4,-2.291908022E-3
1.295109963E1,-2.343885601E-3,1.480706036E-3,-1.261530444E-3
1.296111363E1,-1.669388264E-3,-8.256016299E-4,-1.257979311E-3
1.297112763E1,-2.828663215E-3,2.915947698E-4,2.650828101E-4
1.298114163E1,-4.552491009E-5,2.186901402E-3,-1.782285050E-3
1.299115563E1,6.162691861E-4,-1.129799522E-3,7.180776447E-5
1.300116963E1,1.181922853E-3,5.460195243E-4,6.811358035E-4
1.301118362E1,1.386987045E-3,1.421400346E-3,-1.337914728E-4
1.302119762E1,3.557130694E-3,-8.371328004E-4,-8.579650894E-4
1.303121163E1,-1.641361043E-3,6.217467599E-4,1.725301147E-3
1.304122563E1,3.523081541E-4,1.994026825E-3,-1.136898063E-4
1.305123963E1,-1.055171713E-3,-2.240133472E-3,-2.859941684E-3
1.306125363E1,-1.129262149E-3,-6.786677986E-4,1.010993961E-3
1.307126763E1,-4.352424294E-4,3.178121988E-3,-4.580058157E-4
1.308128163E1,9.853392839E-5,-1.192275435E-3,-1.684752759E-3
1.309129563E1,2.443980426E-3,-4.311369732E-3,8.236784488E-4
1.310130963E1,1.971317455E-3,2.027993556E-3,2.021617256E-4
1.311132463E1,1.316711307E-3,6.569982506E-4,4.706084728E-4
1.312133863E1,9.739194065E-4,-2.478882670E-3,-7.075993344E-4
1.313135263E1,1.027993858E-4,2.114423551E-4,7.720533758E-4
1.314136663E1,-6.446875632E-4,2.808793448E-3,-1.461223699E-3
1.315138063E1,-1.425525174E-3,-1.950008795E-3,5.683717318E-4
1.316139462E1,-1.241989434E-3,-1.300728880E-3,-4.385453649E-4
1.317140862E1,1.240076497E-3,2.354992554E-3,1.987493597E-4
1.318142263E1,8.781924844E-4,-1.335061621E-3,-4.561301321E-4
1.319143663E1,-5.591157824E-4,-4.958994687E-4,-2.340222709E-4
1.320145063E1,3.455946222E-3,3.965415061E-3,-1.793066040E-4
1.321146463E1,2.174966037E-3,-4.503722303E-4,2.936592093E-3
1.322147808E1,-5.429219455E-4,-9.725526907E-4,3.141662339E-3
1.323149208E1,-1.999936998E-3,2.315119840E-3,6.452151574E-4
1.324150608E1,-1.476978883E-3,3.268959466E-3,-4.115831107E-4
1.325152008E1,-9.025353938E-4,-8.689006791E-5,-3.071869723E-4
1.326153408E1,-7.231980562E-4,-5.458113737E-4,-1.243481413E-3
1.327154808E1,8.283592761E-4,6.182561629E-4,-1.409396529E-3
1.328156208E1,-1.339040697E-3,-6.095650606E-4,-2.275221050E-5
1.329157708E1,-6.141271442E-4,6.652898155E-4,-6.962656043E-4
1.330159108E1,3.538839519E-4,8.702171035E-4,-6.152531132E-4
1.331160508E1,-2.281580120E-3,-8.206237108E-4,2.888902090E-4
1.332161908E1,8.977837861E-4,5.057095550E-4,1.144087873E-4
1.333163308E1,1.961715519E-3,1.489480957E-3,2.592848614E-4
1.334164708E1,6.453823298E-4,-1.285254955E-3,-5.847993307E-4
1.335166108E1,-3.477722406E-3,2.630922943E-3,2.269310644E-3
1.336167508E1,-9.900778532E-4,5.803848617E-4,2.198722679E-3
1.337168908E1,4.304517061E-4,3.529507667E-4,-7.706228644E-6
1.338170308E1,-3.988929093E-4,-1.126660965E-3,-2.073055133E-3
1.339171708E1,-1.900648698E-3,1.300543547E-3,-1.573713031E-3
1.340173108E1,7.880181074E-4,1.854007132E-4,-1.281988341E-3
1.341174508E1,-2.387801185E-3,-1.992798410E-3,2.605146728E-4
1.342175908E1,-8.417814970E-4,2.400601748E-3,7.221391425E-4
1.343177308E1,7.647648454E-5,-7.025133818E-4,6.028292701E-4
1.344178708E1,-1.635108143E-3,-6.661424413E-4,9.844559245E-4
1.345180108E1,3.918241709E-4,6.201644428E-4,3.785868175E-4
1.346181608E1,-6.983075291E-4,-1.328749117E-3,1.297187991E-3
1.347183008E1,-1.136930659E-3,1.071291510E-3,1.917099580E-4
1.348184408E1,-2.257306129E-3,-5.193669349E-4,4.420508631E-4
1.349185808E1,1.791497692E-3,1.358428039E-3,1.704082824E-4
1.350187208E1,-9.089950472E-4,-4.829722457E-4,-1.143409871E-3
1.351188608E1,8.287187666E-4,-5.828407593E-4,1.929644495E-4
1.352190008E1,1.001590863E-3,1.313488930E-3,1.957946224E-3
1.353191408E1,-9.856000543E-5,1.954934560E-4,-5.070758052E-4
1.354192808E1,-7.610041648E-4,-4.653371871E-4,-8.449489251E-4
1.355194208E1,-8.363723755E-4,-2.302651759E-3,1.571869478E-3
1.356195608E1,1.187967137E-3,-5.801403895E-4,-1.679099631E-3
1.357197008E1,4.999898374E-5,3.335904330E-4,1.097456552E-4
1.358198408E1,2.469196916E-3,4.280251451E-4,4.873569123E-4
1.359199808E1,-5.095489323E-4,8.179116994E-4,9.155934677E-4
1.360201208E1,-1.199763268E-3,3.132978454E-4,7.331538945E-4
1.361202608E1,-3.733858466E-4,-2.248397097E-3,-2.047186717E-3
1.362204108E1,-8.127521724E-4,-1.222873572E-3,-9.291619062E-5
1.363205508E1,1.311119646E-3,3.708767705E-3,3.843223676E-4
1.364206908E1,-1.278476790E-3,7.874644361E-4,-1.353554428E-3
1.365208308E1,-5.548950285E-4,-3.042427357E-3,9.940220043E-4
1.366209708E1,3.186507151E-3,-2.770262770E-3,-2.488624305E-4
1.367211108E1,1.195527613E-3,1.062025782E-3,2.374351257E-3
1.368212508E1,2.482216805E-4,-1.922926866E-3,2.243687864E-3
1.369213908E1,2.351719886E-4,-1.016919501E-3,-1.482607331E-3
1.370215308E1,3.711974248E-3,-3.365725279E-4,5.020531826E-4
1.371216708E1,-1.391706988E-3,-7.562865503E-4,-1.003537327E-4
1.372218108E1,3.110431135E-4,-1.974159852E-3,1.340098679E-3
1.373219508E1,-1.948649064E-3,9.513222612E-4,6.274366751E-4
1.374220908E1,-8.218549192E-4,7.100543007E-5,1.186926849E-3
1.375222308E1,-1.552645117E-4,-1.652326435E-3,2.007582225E-4
1.376223708E1,-1.153804362E-3,-1.044649165E-3,1.162964385E-3
1.377225108E1,-1.714933664E-3,1.349798404E-3,-1.673035789E-3
1.378226508E1,3.898479044E-4,-1.160102431E-3,-1.964366995E-3
1.379227908E1,2.919584513E-3,1.389868557E-4,1.116377767E-3
1.380229408E1,3.943638876E-3,2.008508891E-4,-1.729931682E-5
1.381230808E1,-6.527099758E-4,-2.247393597E-3,1.890855376E-3
1.382232208E1,-4.181265831E-4,-5.671875551E-4,-1.123636961E-3
1.383233608E1,1.365926117E-3,1.849364955E-3,-1.000332646E-3
1.384235008E1,1.186033711E-3,6.078407168E-4,1.454222947E-4
1.385236408E1,-1.096827909E-3,3.947881050E-4,8.343821391E-4
1.386237808E1,-8.869469166E-4,5.228859372E-4,-9.712334722E-4
1.387239208E1,-3.620367497E-4,1.606526319E-3,2.748935949E-3
1.388240608E1,-8.843429387E-4,4.470930435E-4,-3.036763519E-5
1.389242008E1,-1.332553104E-3,1.053494867E-3,5.227709189E-4
1.390243408E1,6.390549242E-4,-1.598704606E-3,3.881421871E-4
1.391244808E1,-1.468453556E-4,1.250611152E-3,-6.965501234E-5
1.392246208E1,1.352021471E-3,2.277885564E-3,1.551721245E-3
1.393247608E1,-1.875197515E-3,-1.266826876E-4,-2.523041330E-4
1.394249008E1,-3.277584910E-4,1.813739073E-3,-4.605390131E-6
1.395250408E1,1.984396949E-3,3.620160976E-3,9.871558286E-4
1.396251908E1,-7.876530290E-4,-7.312968373E-4,-6.820461713E-4
1.397253308E1,-3.040952608E-3,1.320997253E-4,-5.310447887E-4
1.398254708E1,-8.814968169E-5,-2.536514308E-3,-4.274258390E-5
1.399256108E1,-1.691639423E-3,1.213047653E-5,-1.726126764E-3
1.400257508E1,-3.666231409E-3,-1.331469975E-4,1.325812656E-3
1.401258908E1,1.738654450E-3,-1.848755404E-3,-1.019899733E-3
1.402260308E1,1.603497192E-3,1.388471108E-3,1.310788561E-3
1.403261708E1,7.922984660E-4,1.156243496E-3,-9.273318574E-4
1.404263108E1,1.274980605E-3,-1.209694892E-5,-1.084070653E-3
1.405264508E1,-4.424918443E-4,-6.009214558E-4,1.041930635E-3
1.406265908E1,-1.843113452E-3,-1.791316085E-3,2.222293988E-4
1.407267308E1,-1.650299877E-3,-2.442859113E-4,-5.447608419E-4
1.408268708E1,3.958623856E-4,-2.850076649E-3,5.283029750E-4
1.409270108E1,3.050491214E-4,8.573094383E-4,6.462810561E-4
1.410271508E1,1.990823075E-3,-4.498083144E-4,-1.825048123E-3
1.411273008E1,2.142889425E-3,2.798978239E-4,-6.258268841E-4
1.412274408E1,-1.062233001E-3,1.044664532E-4,-1.240778249E-3
1.413275808E1,-6.502419710E-4,9.950278327E-4,-3.012148663E-4
1.414277208E1,-5.292482674E-4,5.530612543E-4,1.514954492E-4
1.415278608E1,2.922208980E-3,-1.389981247E-3,-1.607789192E-3
1.416280008E1,-3.201434389E-3,6.597838365E-4,5.857520737E-4
1.417281408E1,-2.399981022E-4,3.007360501E-3,2.113115042E-4
1.418282808E1,-5.985591561E-4,1.692130230E-3,-1.523006242E-3
1.419284208E1,8.430108428E-4,8.034333587E-4,-1.324334182E-3
1.420285608E1,6.552115083E-4,1.054793596E-3,-1.691872254E-3
1.421287008E1,9.723939002E-4,1.403135248E-3,-2.517185640E-3
1.422288396E1,-9.801425040E-4,3.336784430E-4,1.854016446E-4
1.423289796E1,-7.367301732E-4,2.452223096E-3,-4.628119059E-4
1.424291196E1,-1.749562100E-3,9.185075760E-4,1.112898812E-3
1.425292596E1,-2.163417637E-3,-3.936318681E-4,-7.217531092E-4
1.426293996E1,8.880235255E-4,-1.545650885E-3,-6.782189012E-4
1.427295496E1,6.486065686E-4,2.301285043E-3,-1.834297087E-3
1.428296896E1,3.188064322E-3,-3.357183188E-3,-1.729661599E-4
1.429298296E1,2.218673006E-3,-1.139302738E-3,-1.714936458E-3
1.430299696E1,2.699097618E-3,7.105767727E-4,-1.743548550E-3
1.431301096E1,2.211472020E-3,1.103126910E-3,-9.035877883E-4
1.432302496E1,5.774460733E-4,-9.633917361E-4,-1.271138899E-4
1.433303896E1,-2.929937094E-3,-9.295693599E-4,2.093430143E-3
1.434305296E1,-1.089688390E-3,7.389197126E-4,1.574965660E-3
1.435306696E1,2.204641700E-3,-1.371901482E-3,7.695052773E-6
1.436308096E1,-1.568812877E-4,6.391964853E-4,-1.429766417E-5
1.437309496E1,-1.363754272E-4,-4.740045406E-4,5.657388829E-4
1.438310896E1,5.860384554E-4,6.777974777E-4,7.042754441E-4
1.439312296E1,1.134648919E-3,7.097553462E-4,2.089277841E-4
1.440313696E1,-2.256877720E-3,-7.529165596E-4,-7.592095062E-4
1.441315096E1,6.385110319E-4,1.731013879E-3,3.228196874E-5
1.442316496E1,-1.283330843E-3,2.447328996E-3,-1.660814043E-3
1.443317996E1,-1.021008939E-3,-1.534097362E-3,6.670551375E-4
1.444319396E1,-1.642730087E-3,1.569825225E-3,-1.813092269E-3
1.445320796E1,-1.780947670E-3,-2.398017794E-3,1.352340914E-3
1.446322196E1,-2.559050918E-4,1.576908864E-3,-1.489101443E-3
1.447323596E1,6.945766509E-4,1.422641799E-4,-1.044886187E-3
1.448324996E1,2.554357052E-4,-1.308180392E-3,1.525725238E-4
1.449326396E1,-6.361920387E-4,9.866654873E-4,-6.783334538E-4
1.450327796E1,3.877095878E-4,5.723522045E-4,4.772138782E-4
1.451329196E1,-1.840822399E-3,2.707142383E-3,1.591747161E-3
1.452330596E1,-2.150498331E-4,3.779798513E-3,2.422574908E-4
1.453331996E1,-1.196956262E-3,-9.062997997E-4,-3.974339925E-4
1.454333396E1,-7.316302508E-4,6.295577623E-4,1.755970530E-3
1.455334796E1,-7.105898112E-4,-8.748620749E-4,-1.833429560E-4
1.456336196E1,1.310974360E-3,-1.974778250E-3,6.818040274E-4
1.457337596E1,-1.748997718E-3,-5.654334091E-4,-1.552055590E-3
1.458339096E1,2.180989832E-4,-3.385356627E-3,-6.815702654E-4
1.459340496E1,2.259679139E-3,-1.493712887E-3,8.249799721E-4
1.460341896E1,1.208342612E-3,7.614945062E-4,-9.626438841E-4
1.461343296E1,2.948453650E-3,1.880022231E-3,-2.226313576E-3
1.462344696E1,-1.512331888E-3,2.065643203E-3,-1.412411220E-3
1.463346096E1,-8.257683367E-4,4.973076284E-4,-7.807095535E-4
1.464347496E1,1.145860180E-3,4.093362950E-4,-1.233463641E-3
1.465348896E1,7.727500051E-4,1.033581328E-3,-1.172210556E-3
1.466350296E1,1.783261076E-3,-4.058848135E-4,-9.242487140E-4
1.467351696E1,1.816017553E-3,-6.184051745E-4,2.341585932E-3
1.468353096E1,-1.055726781E-3,-2.744914964E-4,-7.485179231E-5
1.469354496E1,3.056725487E-3,1.475205179E-3,1.280431170E-3
1.470355896E1,-1.020574942E-3,-2.173902933E-3,2.570683137E-4
1.471357296E1,-8.069891483E-4,5.174879916E-4,9.574797004E-4
1.472358796E1,-3.822557628E-4,-1.092659775E-3,-1.903511584E-4
1.473360196E1,2.132568508E-3,-2.640488558E-3,-4.345630296E-4
1.474361596E1,-5.293283612E-4,-2.029523253E-3,1.902041491E-3
1.475362996E1,4.525780678E-4,1.960691065E-3,-2.540540881E-4
1.476364396E1,1.400582492E-3,-2.323940396E-3,-6.497884169E-5
1.477365796E1,2.210715786E-3,-8.962200955E-4,-9.792419150E-4
1.478367196E1,-8.295178413E-4,-2.691322472E-3,1.170859206E-3
1.479368596E1,8.352249861E-4,-1.503552776E-3,2.474476350E-3
1.480369996E1,2.155411988E-3,1.564724371E-4,-4.475057125E-3
1.481371396E1,4.379419610E-3,5.607404746E-4,-9.298571385E-4
1.482372796E1,2.988345921E-3,7.781456225E-4,1.599378884E-4
1.483374196E1,6.202626973E-4,-1.292195637E-3,1.209223177E-3
1.484375596E1,1.391321421E-4,4.955572076E-4,-5.340902135E-4
1.485376996E1,-1.735201105E-3,1.427397598E-3,-1.497088932E-3
1.486378396E1,-4.854016006E-4,-9.231129661E-4,9.154714644E-5
1.487379896E1,-2.050008625E-3,1.261477824E-3,-4.333620891E-4
1.488381296E1,-1.156855375E-3,6.443718448E-4,-6.804321893E-4
1.489382696E1,-1.873245463E-3,-1.167376526E-3,1.765731722E-4
1.490384096E1,1.245668158E-3,-1.625190023E-3,8.876943029E-4
1.491385496E1,-5.639493465E-4,2.589966170E-4,-1.196229365E-3
1.492386896E1,5.645919591E-4,1.102521084E-3,-7.502599619E-4
1.493388296E1,8.460879326E-4,3.725485876E-4,-1.988096628E-3
1.494389696E1,3.359328955E-3,-7.639457472E-4,-1.145464368E-3
1.495391096E1,4.194658250E-4,1.365251373E-3,-1.920976676E-3
1.496392496E1,9.288284928E-4,3.712093458E-4,5.339179188E-5
1.497393896E1,-6.392411888E-4,2.090013586E-3,3.634765744E-5
1.498395296E1,-2.339649945E-4,9.894142859E-4,-2.287931740E-3
1.499396696E1,1.125311479E-3,3.467937931E-4,-1.998445950E-3
1.500398096E1,1.212945208E-3,-2.110096160E-3,2.329017501E-3
1.501399496E1,-1.797759905E-3,1.424184535E-3,4.269876517E-4
1.502400996E1,-1.242998987E-3,5.892203189E-4,1.103797462E-3
1.503402396E1,7.666219026E-4,-9.167972021E-4,-1.416884363E-3
1.504403796E1,-1.895677298E-3,-2.879770473E-4,5.675242282E-4
1.505405196E1,1.908646896E-3,-1.196647994E-3,8.575851098E-5
1.506406596E1,-2.686278895E-3,6.128102541E-6,2.114584669E-3
1.507407996E1,-2.420762554E-3,4.567350261E-4,3.518862650E-5
1.508409396E1,1.250987872E-3,-7.294351235E-5,2.074469347E-3
1.509410796E1,-1.389160752E-4,-1.280953176E-3,-3.798999824E-4
1.510412196E1,1.283856109E-3,2.157253213E-3,-9.719380178E-4
1.511413596E1,-3.175027668E-4,-6.326739676E-4,5.007903092E-4
1.512414996E1,1.086387783E-3,-1.960220281E-3,-2.783122472E-4
1.513416396E1,-4.992596805E-4,4.860246554E-5,-2.226522192E-4
1.514417796E1,-5.913935602E-4,-3.194823861E-3,-5.520824343E-4
1.515419196E1,4.530977458E-4,8.286796510E-4,7.398170419E-4
1.516420696E1,1.625066623E-3,-9.122416377E-4,-1.057301648E-3
1.517422096E1,-5.225073546E-4,-9.487266652E-4,-7.728757337E-4
1.518423496E1,-9.679850191E-4,1.973742619E-4,-2.355612814E-4
1.519424896E1,5.558747798E-4,1.654541120E-5,6.324565038E-5
1.520426296E1,-5.303714424E-4,-8.878605440E-4,-3.106843214E-3
1.521427700E1,-1.107212156E-3,-1.451917924E-3,-4.580635577E-4
1.522429100E1,1.134112477E-3,1.223799307E-3,-1.324443147E-4
1.523430500E1,-9.892266244E-4,-8.004694246E-4,1.073967665E-3
1.524431900E1,-3.697630018E-4,6.802156568E-4,5.982308649E-4
1.525433300E1,-4.560500383E-4,1.041340176E-3,2.249390818E-3
1.526434700E1,6.383657455E-4,1.027584542E-3,-1.252182294E-3
1.527436100E1,9.353086352E-4,-1.333307941E-3,-7.520406507E-4
1.528437500E1,1.397343352E-3,5.382611416E-4,-1.004103571E-3
1.529438900E1,-1.052765176E-3,-5.248724483E-4,-1.010256819E-4
1.530440400E1,-1.380151138E-3,2.772620879E-3,-1.206211746E-4
1.531441800E1,2.726055682E-4,-5.826959386E-4,2.375559648E-3
1.532443200E1,-6.293877959E-4,-1.751413103E-3,-6.677433848E-4
1.533444600E1,-6.704013795E-4,-3.785003442E-3,-1.944992691E-4
1.534446000E1,-8.522365242E-4,-1.108554658E-3,-2.056681551E-4
1.535447400E1,-9.944494814E-4,-1.111217774E-3,1.425784547E-3
1.536448800E1,5.523525178E-4,-9.135650471E-4,-5.294396542E-4
1.537450200E1,4.740562290E-4,6.060348824E-4,9.771105833E-4
1.538451600E1,2.835229039E-3,2.634705510E-3,-4.780781455E-4
1.539453000E1,3.632312641E-3,-2.801241353E-4,2.344872802E-3
1.540454400E1,4.306204617E-3,1.468793955E-3,-4.864721559E-4
1.541455800E1,3.812987357E-3,-1.986110583E-4,-5.786172114E-4
1.542457200E1,-2.105087042E-4,-3.450640943E-3,4.271469079E-4
1.543458600E1,2.243861556E-3,-5.557849072E-4,7.384708151E-4
1.544460100E1,1.887813210E-3,-1.821198035E-3,3.989106044E-4
1.545461500E1,4.130993038E-3,-1.156473067E-3,4.433854483E-4
1.546462900E1,5.195228383E-3,-1.740212552E-3,1.824090257E-3
1.547464300E1,5.517471582E-3,-7.945238613E-4,-8.262875490E-4
1.548465700E1,3.542918712E-3,-2.745082602E-4,1.454822719E-3
1.549467100E1,4.738144577E-3,-2.178402152E-3,1.193833072E-3
1.550468500E1,4.948614165E-3,-1.204818953E-3,-2.115658019E-3
1.551469900E1,5.896698684E-3,-3.130817320E-3,2.417718060E-4
1.552471300E1,3.727860749E-3,-1.087241806E-3,1.726610586E-3
1.553472700E1,3.541706130E-3,-7.223887369E-4,3.521847771E-3
1.554474100E1,2.248689532E-3,-5.542361178E-4,-1.496349927E-3
1.555475500E1,2.443900332E-3,1.813847106E-3,-1.243349630E-3
1.556476900E1,-6.740540266E-4,-8.001551032E-5,-7.684505545E-4
1.557478300E1,3.553180024E-3,-4.471301567E-3,2.586866263E-3
1.558479800E1,6.343163550E-4,5.423091352E-5,-2.341521904E-4
1.559481200E1,8.265972137E-4,-1.048584003E-3,-1.318864524E-4
1.560482600E1,-2.579994500E-3,-1.021982171E-3,-7.872469723E-5
1.561484000E1,-6.175115705E-4,2.760426141E-4,-1.145320479E-3
1.562485400E1,-3.845151514E-4,-7.988540456E-4,-5.018715747E-4
1.563486800E1,9.172372520E-4,-4.164823797E-3,-1.319195610E-3
1.564488200E1,2.113135532E-3,-4.024519585E-3,4.287892953E-4
1.565489600E1,1.294478774E-3,-5.507795140E-5,-2.443962730E-3
1.566491000E1,-1.895302907E-3,1.265308820E-4,-1.294566318E-3
1.567492400E1,-5.769402720E-3,1.378749032E-3,-1.196828671E-3
1.568493800E1,-4.021259025E-3,3.565662773E-3,-3.034924157E-4
1.569495200E1,-7.455702871E-4,-6.469255313E-4,1.448601019E-3
1.570496600E1,7.549505681E-4,-3.336880822E-3,1.616119407E-4
1.571498000E1,1.112347469E-3,6.373547949E-4,2.215974499E-3
1.572499500E1,1.088034362E-3,1.682334114E-3,-2.880613320E-4
1.573500900E1,-6.283726543E-4,-5.884049460E-5,-2.231369726E-3
1.574502300E1,3.906376660E-4,-8.003776893E-4,7.877112366E-4
1.575503700E1,-1.594215631E-3,-2.411590423E-3,-4.554521292E-4
1.576505100E1,-4.102868959E-3,1.006769016E-3,-2.189804800E-4
1.577506500E1,-1.180581748E-3,-1.157049090E-3,-1.137852669E-4
1.578507900E1,-2.237467095E-3,-1.165867317E-3,8.129142225E-4
1.579509300E1,-1.023864374E-3,9.308396839E-4,3.351429477E-4
1.580510700E1,2.376617864E-3,-2.123451326E-3,1.682287548E-3
1.581512100E1,-4.402063787E-4,-1.288816798E-3,3.195479512E-4
1.582513500E1,2.040095627E-3,-7.071127184E-4,-4.364713095E-4
1.583514900E1,-8.084215224E-4,-1.932965592E-3,-1.055656467E-3
1.584516300E1,-2.699339762E-3,-1.051928382E-3,-1.041639131E-3
1.585517800E1,-1.647125930E-3,-1.120904461E-3,3.711674362E-4
1.586519200E1,-6.759186275E-3,-1.161887310E-3,-1.882999670E-3
1.587520600E1,-4.199089482E-3,-2.277752385E-3,-1.565284561E-3
1.588522000E1,-2.185944468E-4,-1.036259346E-4,7.506287657E-4
1.589523400E1,-2.700394019E-3,1.348861959E-3,-2.702159341E-3
1.590524800E1,-1.415874809E-3,1.375162974E-3,-1.017989591E-3
1.591526200E1,-6.840396672E-4,5.796365440E-5,-7.394230925E-4
1.592527600E1,1.445157453E-3,2.880608663E-4,-7.485328242E-4
1.593529000E1,-1.279788092E-3,9.296159260E-4,-1.243081875E-3
1.594530400E1,3.041140735E-5,-6.250729784E-4,-1.921094954E-4
1.595531800E1,-1.872951165E-3,1.205051318E-3,1.655532978E-4
1.596533200E1,-3.935128450E-3,2.457043622E-3,-3.762534820E-3
1.597534600E1,-3.302749246E-4,-2.343570348E-3,5.842763931E-4
1.598536000E1,-5.008019507E-4,-1.828353852E-4,-1.702920068E-3
1.599537500E1,-1.806896180E-4,1.513911411E-4,4.923236556E-4
1.600538900E1,5.856789649E-4,5.866652355E-4,1.310432795E-3
1.601540300E1,1.682102680E-3,1.395733561E-3,2.309917239E-3
1.602541700E1,-3.319624811E-4,1.140380744E-3,2.054114360E-3
1.603543100E1,-2.954788506E-4,-8.415435441E-4,1.765857451E-4
1.604544500E1,-1.769619063E-3,-1.809646841E-3,5.573849194E-4
1.605545900E1,1.776833087E-4,-4.053623416E-4,-6.261239760E-4
1.606547300E1,-3.700572997E-4,-2.310974523E-4,1.367665827E-4
1.607548700E1,-2.618564293E-3,3.731153440E-3,3.769835457E-4
1.608550100E1,-7.034745067E-4,1.586992759E-3,-7.513603196E-4
1.609551500E1,1.844905317E-3,-2.153683454E-3,6.702351384E-4
1.610552900E1,-3.072712570E-4,-6.302907132E-4,9.078094736E-4
1.611554300E1,-6.340406835E-4,1.921017654E-3,3.802124411E-5
1.612555700E1,-7.264465094E-4,6.931424141E-4,2.043135464E-3
1.613557200E1,-1.099554822E-3,-6.725266576E-4,-3.638295457E-4
1.614558600E1,-1.281520352E-3,-6.376206875E-4,-1.267889515E-3
1.615560000E1,-5.832407624E-4,-3.492795397E-3,-5.597551353E-4
1.616561400E1,-2.015786245E-3,3.369427286E-4,7.240450941E-4
1.617562800E1,-5.656946450E-4,-2.369685099E-4,1.146954950E-3
1.618564200E1,7.282756269E-5,2.300595399E-3,8.251080289E-4
1.619565600E1,2.174062654E-3,1.320286188E-3,-7.131183520E-5
1.620567000E1,4.702787846E-4,1.791046932E-3,-1.059627160E-3
1.621568550E1,2.642087638E-3,-2.108514309E-4,1.357458066E-3
1.622569950E1,2.848751843E-3,2.657035366E-4,2.071280731E-3
1.623571350E1,2.513695508E-4,1.368061639E-4,-1.501616091E-3
1.624572750E1,-3.323091194E-3,-6.770887412E-4,7.552048191E-5
1.625574150E1,-1.624261960E-3,-3.796716221E-3,-2.717868891E-3
1.626575650E1,-2.312360331E-3,1.492513344E-3,-5.826628767E-4
1.627577050E1,2.138048410E-3,-4.413072020E-5,-1.012497116E-3
1.628578450E1,8.379146457E-4,-1.061539631E-3,-1.705447212E-3
1.629579850E1,2.831025049E-3,1.050346997E-3,8.818139322E-4
1.630581250E1,1.634510234E-3,1.034368761E-4,2.368608955E-3
1.631582650E1,3.992207348E-3,-9.743445553E-4,1.312871464E-4